Topic,Words,Frequency,Timestamp
1,"working, open, why, its, now",1,2023-04-23
4,"does, let, me, play, not",1,2023-04-24
1,"abel, download, suppose, playable, downloaded",1,2023-04-25
1,"selection, crash, permanently, stable, red",3,2023-04-26
4,"rebooted, 10012, passed, occured, reinstalled",1,2023-04-26
1,"spiel, ich, fr, mich, nicht",11,2023-04-27
1,"crash, fps, lagging, ping, bug",6,2023-04-28
2,"sound, victory, cutscene, during, details",1,2023-04-28
1,"awfully, frequent, hyv, unlike, except",3,2023-04-29
2,"genshen, crisis, graphicsstoryfinal, bounties, identity",1,2023-04-29
3,"performance, real, fast, gets, boring",1,2023-04-29
4,"name, otherwise, ping, password, want",2,2023-04-29
1,"several, alot, bug, white, plz",4,2023-04-30
5,"blah, speed, some, 20, minutes",1,2023-04-30
1,"satisfying, medium, crashes, screen, settings",7,2023-05-01
4,"6020, sending, 10012, encountering, login",4,2023-05-01
5,"dialogues, change, add, skip, button",1,2023-05-01
1,"fe, doesent, lag, s20, infinite",3,2023-05-02
2,"him, 30mins, crystal, hitter, hammer",2,2023-05-02
4,"error, log, says, occurred, please",8,2023-05-02
5,"warnings, awful, trial, out, spot",2,2023-05-02
1,"yhe, asa, resetting, loading, freeze",4,2023-05-03
4,"assist, messages, error, kind, shows",2,2023-05-03
5,"errands, endure, slowed, stupid, navigation",1,2023-05-03
1,"fps, walkie, klik, graphicssetting, talkie",3,2023-05-04
4,"password, comeback, magnificent, impression, error",3,2023-05-04
5,"cancelation, burst, add, missions, im",1,2023-05-04
1,"loading, crashing, rog, duty, located",6,2023-05-05
4,"everytime, occurred, 10011, logged, error",2,2023-05-05
5,"conversation, allow, speed, skip, up",1,2023-05-05
1,"causing, releases, ps5, hoping, restart",1,2023-05-06
4,"10001, log, 1001, installed, simply",4,2023-05-06
5,"add, skip, button, story, boring",1,2023-05-06
1,"files, 1hr, eats, an, 50mb",8,2023-05-07
4,"ive, verified, login, pissing, dns",3,2023-05-07
1,"optimization, crashing, keeps, 6a, benchchair",6,2023-05-08
4,"keeping, kick, errors, everytime, said",2,2023-05-08
5,"blabla, cutscenses, bless, talking, cmon",1,2023-05-08
1,"frame, took, pixel, seconds, longer",1,2023-05-09
4,"din, google, um, account, stable",2,2023-05-09
5,"anime, generic, lame, words, ability",2,2023-05-09
1,"stutter, orbiting, asteroids, 13mb, happened",2,2023-05-10
2,"justed, chooses, loose, 110, grinded",1,2023-05-10
4,"join, certainly, hole, phasing, beautiful",4,2023-05-10
5,"animation, various, watching, setting, 100",2,2023-05-10
1,"immediately, rank, sauing, 12th, intel",4,2023-05-11
4,"account, error, desappeared, fed, session",5,2023-05-11
5,"skip, cut, talking, button, storyline",3,2023-05-11
1,"vpn, opengl, iran, unoptimised, hearingreading",3,2023-05-12
2,"extreme, rush, spendinf, corrected, wears",1,2023-05-12
4,"google, management, pc, linking, account",3,2023-05-12
5,"bottun, jump, between, understand, two",1,2023-05-12
1,"litterally, crashes, lag, torn, im",5,2023-05-13
4,"error, login, nerves, minesweeper, net",10,2023-05-13
5,"opinion, strategy, option, cutscenes, interesting",1,2023-05-13
2,"framedrops, praise, users, optimize, minimal",1,2023-05-14
4,"logging, distorted, error, everytime, log",3,2023-05-14
5,"cut, goodfor, wouldbe, geez, interactive",2,2023-05-14
1,"bugged, installed, gliched, littered, preferred",3,2023-05-15
3,"bitter, burn, account, like, just",1,2023-05-15
4,"error, disconnect, internet, goddamn, log",8,2023-05-15
5,"pleaseee, difficult, guaranteed, missions, 90",1,2023-05-15
0,"40, energy, cap, 20minutes, 5runs",1,2023-05-16
2,"flawless, carefull, frame, artwork, depression",2,2023-05-16
3,"himeko, ok, limited, buff, by",1,2023-05-16
4,"upon, code, click, switch, login",6,2023-05-16
5,"sequel, hostile, thete, abandon, 20",1,2023-05-16
1,"points, battle, redo, technique, consumed",2,2023-05-17
2,"essentially, 10hrs, yeaes, planete, pony",5,2023-05-17
3,"saya, harus, agar, tidak, ini",2,2023-05-17
4,"cleared, pops, installing, uninstalling, message",3,2023-05-17
5,"watching, anime, forget, really, long",1,2023-05-17
1,"glitches, blinks, lostdeleted, 51823, reaches",5,2023-05-18
2,"polished, attitude, bronya, description, turd",3,2023-05-18
3,"far, worst, gameplay, so, collab",1,2023-05-18
4,"unlink, site, silly, method, authentication",1,2023-05-18
5,"patience, recommended, dialogues, low, skip",1,2023-05-18
1,"tap, kepts, graphical, sends, signal",3,2023-05-19
2,"street, promised, cookie, gotcha, kingdom",3,2023-05-19
3,"perbaiki, yak, apparent, knp, banning",3,2023-05-19
4,"logged, account, automatically, deleted, suspended",7,2023-05-19
5,"living, virtual, providing, world, business",1,2023-05-19
1,"bost, spawns, overheats, monsters, smooth",3,2023-05-20
2,"pink, defectsbugs, shape, squares, consume",2,2023-05-20
4,"chances, higher, 15, increase, found",1,2023-05-20
1,"2weeks, andro, open, screen, area",3,2023-05-21
4,"log, twitter, error, turning, restarting",3,2023-05-21
5,"skills, animation, ultimate, allow, checkbox",1,2023-05-21
1,"hot, med, optimization, ran, warm",1,2023-05-22
4,"problem, interruption, server, whats, causes",2,2023-05-22
1,"trigger, mission, timed, initiate, enters",2,2023-05-23
3,"amazing, this, is, game, collab",1,2023-05-23
4,"error, unable, occurs, bothered, constant",5,2023-05-23
5,"cgi, travels, skip, plus, scenes",3,2023-05-23
1,"sh, fam, verifications, freeze, naw",2,2023-05-24
4,"a12, device, galaxy, cant, others",1,2023-05-24
5,"we, skip, need, button, story",1,2023-05-24
1,"fs, background, working, google, train",2,2023-05-25
2,"healer, hype, limiting, ponies, buffer",1,2023-05-25
4,"error, lewat, login, log, bisa",7,2023-05-25
2,"neeeed, sensitivity, computer, youre, warning",1,2023-05-26
4,"bothering, reboot, experienced, journey, lie",3,2023-05-26
0,"craft, subs, fragment, artifact, picking",1,2023-05-27
1,"crushes, starts, close, opens, sharing",5,2023-05-27
2,"remain, pity, indicator, put, know",1,2023-05-27
4,"seemed, quits, progress, sometime, loving",2,2023-05-27
5,"bcause, fckg, girls, stamina, watching",2,2023-05-27
1,"already, ping, affecting, mater, 2x",4,2023-05-28
2,"immersive, drop, fair, towards, super",1,2023-05-28
4,"password, clicked, error, ways, knowledge",4,2023-05-28
1,"lagged, optimize, animation, run, your",1,2023-05-29
2,"reward, rewarding, farm, material, fair",1,2023-05-29
4,"hoyolab, sync, unable, account, my",1,2023-05-29
2,"daily, variety, involved, dungeon, interactive",1,2023-05-30
1,"data, retry, use, usage, sanity",3,2023-05-31
2,"simulator, npc, submenus, scavenger, generator",1,2023-05-31
4,"notice, issues, having, shows, logging",2,2023-05-31
1,"ex, types, boss, beyond, common",2,2023-06-01
1,"loads, five, glitches, find, downloaded",2,2023-06-02
2,"reconnect, efficient, taste, reusing, alright",1,2023-06-02
4,"please, hate, error, login, account",5,2023-06-02
1,"playgame, screen, loading, 30fps, worrying",3,2023-06-03
2,"absence, deathwish, setback, borderline, thousands",1,2023-06-03
4,"arrgh, tap, network, log, dev",2,2023-06-03
1,"ish, miraculously, again, sd, glitch",3,2023-06-04
4,"section, keps, log, google, error",5,2023-06-04
1,"installion, additional, forces, fresh, fail",1,2023-06-05
1,"crash, downloading, hour, working, properly",1,2023-06-06
1,"7gb, 5gb, crashes, update, bugs",10,2023-06-07
3,"install, worst, ever, don, this",1,2023-06-07
4,"error, 10013, login, updated, idk",12,2023-06-07
5,"add, skip, button, please, story",1,2023-06-07
1,"update, market, version, after, textures",12,2023-06-08
4,"error, 10013, login, log, please",18,2023-06-08
5,"skip, cutscene, these, option, lack",1,2023-06-08
0,"hyv, explore, musics, wider, expand",1,2023-06-09
1,"loading, floors, restarted, fixed, grind",8,2023-06-09
3,"slideshow, horrid, zone, turns, performance",1,2023-06-09
4,"error, periods, basicslly, login, log",5,2023-06-09
5,"ours, scenes, dialogues, skippable, sit",1,2023-06-09
1,"floating, see, chest, crashes, disappeared",8,2023-06-10
2,"tally, rates, future, advertised, unstable",1,2023-06-10
4,"haven, login, able, go, keep",1,2023-06-10
1,"bug, texture, lag, loading, screen",11,2023-06-11
2,"major, snoozefest, def, faulty, gtfo",1,2023-06-11
4,"recognizes, safe, file, deleted, longer",2,2023-06-11
1,"middle, broke, would, crash, okay",2,2023-06-12
5,"haiya, where, skip, button, the",1,2023-06-12
1,"2s, cures, helio, midrange, g99",3,2023-06-13
2,"tickets, grindgem, income, playable, gold",1,2023-06-13
3,"hilang, aku, saat, memainkan, sangat",2,2023-06-13
4,"everuthing, amd, treid, exept, becouse",1,2023-06-13
1,"glitches, wifi, pride, depressed, speechless",4,2023-06-14
1,"devices, numerous, nto, boo, low",3,2023-06-15
4,"ar, 41, 10011, poof, router",4,2023-06-15
1,"freeze, 30, minutes, enjoy, keep",1,2023-06-16
2,"unbanned, never, morning, rail, 3rd",1,2023-06-16
1,"disconnected, colors, faced, invisible, controls",3,2023-06-17
4,"account, password, takemove, logs, afterwards",3,2023-06-17
1,"loads, ps4, invisble, train, sometimes",3,2023-06-18
2,"events, second, released, banner, already",1,2023-06-18
4,"sign, wouldn, let, me, in",1,2023-06-18
1,"normaly, hehe, switched, message, glitching",2,2023-06-19
2,"heroes, grinded, farm, nowhere, empty",3,2023-06-19
5,"stumble, objects, hardest, houses, because",1,2023-06-19
1,"sent, soft, locked, crash, door",5,2023-06-20
2,"mc, possibly, playable, plus, cocolia",1,2023-06-20
2,"weak, shot, fps, drop, hit",1,2023-06-21
3,"against, fruit, deer, kill, worst",1,2023-06-21
5,"meh, minute, dialog, 30, fight",1,2023-06-21
1,"complains, redownloaded, during, purchase, solved",2,2023-06-22
4,"above, trailblazer, 35, lvl, wants",1,2023-06-22
5,"speeches, wanna, reroll, talks, read",1,2023-06-22
2,"expensive, 15min, ascend, requiring, overheating",1,2023-06-23
4,"upsetting, awesome, incredibly, gotten, reset",1,2023-06-23
1,"crash, tends, buildings, pocket, instant",2,2023-06-24
4,"realese, decided, uninstall, bugs, progress",1,2023-06-24
1,"lag, cutscene, worst, guys, log",1,2023-06-25
2,"offers, designfunctionally, search, secretschests, marked",1,2023-06-25
4,"relatively, freeze, interface, hand, changing",1,2023-06-25
1,"crash, opening, happens, ideal, bug",2,2023-06-26
3,"good, now, for, collab, fate",1,2023-06-26
1,"environment, chesttreasures, greeted, barrels, invisible",2,2023-06-27
4,"broke, network, logged, bug, came",1,2023-06-27
1,"happen, crashing, what, now, it",1,2023-06-28
1,"apreciate, casually, hasle, hd, controls",4,2023-06-29
3,"na, ako, dito, lahat, sa",1,2023-06-29
4,"id, account, my, list, access",3,2023-06-29
1,"expenses, theres, usual, lately, five",1,2023-06-30
4,"upset, reset, went, had, log",1,2023-06-30
1,"stutter, quantum, xd, hella, user",4,2023-07-01
2,"superb, missons, goal, item, pvp",2,2023-07-01
4,"exited, reopened, expired, answer, code",3,2023-07-01
5,"2023, cutscenes, we, skip, can",1,2023-07-01
0,"downsides, topnotch, equipment, vibes, gi",1,2023-07-02
1,"device, 200mb, happily, crushed, hellooo",5,2023-07-02
2,"drop, null, understatement, gosh, void",1,2023-07-02
4,"happend, brothers, removes, favorite, happens",1,2023-07-02
1,"connects, frame, practically, background, unplayable",1,2023-07-03
1,"beautiful, 6gb, pain, voice, acting",1,2023-07-04
2,"nrg, gaining, scenario, promoted, 140x",1,2023-07-05
5,"fairness, dialouge, beta, shouldn, lot",1,2023-07-05
2,"worked, motivating, hv, fourth, endured",1,2023-07-06
4,"let, won, installed, 1001, wanna",1,2023-07-06
1,"failled, hotfix, resources, 10, download",1,2023-07-07
4,"ban, cs, security, banned, timemoneyeffort",2,2023-07-07
2,"meter, arena, co, laughable, draw",1,2023-07-08
5,"skip, please, story, button, add",1,2023-07-08
1,"lag, occasionally, perfect, optimization, complaint",2,2023-07-09
1,"ask, stutter, likely, heck, upsetting",2,2023-07-10
4,"messege, receiving, again, easily, floors",1,2023-07-10
1,"zehahaha, slapped, noticing, gigabyte, would",3,2023-07-11
2,"redemption, silly, many, level, take",2,2023-07-11
5,"skip, button, there, no, is",1,2023-07-11
0,"feature, pleasee, guard, hear, item",1,2023-07-12
1,"walks, loading, gotta, pompom, stuck",1,2023-07-12
3,"celular, este, lstima, lights, gustaba",2,2023-07-12
4,"lvl, recover, 50, nor, start",1,2023-07-12
1,"apk, solve, switch, crash, thanks",2,2023-07-14
5,"amazingly, paint, reoccurring, mentality, eating",2,2023-07-14
1,"motion, 7gbs, store, reduce, normal",3,2023-07-16
1,"bearly, specs, fresh, battle, fine",2,2023-07-18
1,"laging, butnothing, lag, tends, bcs",3,2023-07-19
4,"house, entering, login, 1010, closed",2,2023-07-19
1,"lag, larger, ihave, hardware, delaying",3,2023-07-20
2,"accnt, linking, cup, notch, bangin",1,2023-07-20
4,"glitch, v1, 100013, adresshome, cignal",2,2023-07-20
1,"natasha, except, ultimate, white, goes",1,2023-07-21
2,"rate, bad, skip, gacha, no",1,2023-07-21
3,"nvm, got, it, collab, fate",1,2023-07-21
1,"lowest, lag, offense, maximum, nicely",1,2023-07-22
1,"fps, searched, loading, half, cutscene",2,2023-07-23
5,"blah, animes, inspired, showcase, original",1,2023-07-25
1,"verry, bothering, awesome, happen, lots",1,2023-07-26
1,"ran, designed, lower, smoothly, runs",1,2023-07-27
1,"often, crash, phone, my, in",1,2023-07-28
1,"streamrecord, incerdible, probelm, prefectly, capable",3,2023-07-29
1,"infuriates, crashes, constantly, sometimes, download",1,2023-07-30
1,"profiles, domain, disrupts, gaming, seriously",1,2023-07-31
4,"sensor, trotter, hidden, popping, btw",1,2023-08-01
1,"tf, plenty, crash, enter, working",1,2023-08-02
0,"activity, trailblazer, require, friend, thanks",1,2023-08-03
1,"ton, optimization, phone, pre, upon",1,2023-08-03
1,"appearing, disappearing, bugging, flickering, wall",2,2023-08-05
1,"unplayable, triggered, quakes, domains, yes",1,2023-08-08
1,"frickn, tap, train, 4gb, notify",1,2023-08-09
4,"graet, enter, frequently, amazing, enjoyable",1,2023-08-10
1,"matches, disclose, requirements, disappeared, day",1,2023-08-11
1,"crashing, introduction, blacks, optimal, nightmare",2,2023-08-12
1,"floor, relaese, whilst, calyx, existent",2,2023-08-16
2,"bailu, cute, beginner, gods, yuan",1,2023-08-17
1,"mechanism, fulfill, bugs, crash, overall",1,2023-08-19
1,"stattering, idk, opening, lag, from",1,2023-08-20
1,"world, smooth, fixed, open, use",1,2023-08-22
1,"device, freezing, fire, animation, lagging",1,2023-08-23
1,"noticeably, improved, performance, previous, fixed",1,2023-08-29
4,"scared, entirely, switch, forever, leave",1,2023-08-31
5,"boy, infact, interaction, interactions, downhill",1,2023-08-31
1,"chip, 695, redmi, 5g, 11",1,2023-09-02
0,"tablet, flashes, assuming, uncontrollably, met",1,2023-09-04
1,"jingyuan, target, battle, swipe, manual",1,2023-09-05
1,"majestic, features, excited, fixing, so",1,2023-09-06
0,"forward, better, looking, gets, version",1,2023-09-21
1,"lag, overall, pls, great, fix",1,2023-09-25
1,"gamer, unique, cool, map, bit",1,2023-10-09
1,"qols, hear, job, response, developers",1,2023-10-11
1,"click, kinds, 101323, colors, exit",1,2023-10-13
1,"compressing, unplayable, kinda, storage, think",1,2023-10-15
2,"purple, crimsons, zoomed, blues, purples",1,2023-10-16
4,"exited, later, came, when, back",1,2023-10-18
1,"x3, encounters, poco, randomly, pro",1,2023-10-27
0,"resin, increased, improvements, updating, improved",1,2023-10-29
1,"lag, honkai, rail, star, anymore",1,2023-10-31
1,"sea, highest, turning, handle, help",1,2023-11-04
4,"nov, 2023, everyday, network, whatever",1,2023-11-06
2,"qol, changes, char, prev, alts",1,2023-11-15
1,"fps, smoother, ratings, 24, request",1,2023-12-09
3,"dr, congratulations, award, ratio, winning",1,2023-12-16
2,"610, stunning, skippable, picking, farm",1,2023-12-20
3,"mabar, dulu, anjay, xixixi, lah",1,2023-12-20
1,"best, app, it, loading, screen",1,2023-12-22
1,"vood, qualities, able, fully, enjoy",1,2023-12-27
2,"console, excellent, expect, op, otherwise",1,2024-01-22
1,"beautiful, problems, love, its, more",1,2024-01-25
1,"cg, encounter, optimize, ram, gb",1,2024-01-26
3,"nice, love, much, good, all",1,2024-02-04
2,"smaller, size, guys, make, can",1,2024-02-05
1,"usually, mobile, iterally, perfect, connected",4,2024-02-06
1,"pvp, update, ultra, latest, s22",6,2024-02-07
1,"works, causes, ps5, android, crash",1,2024-02-08
1,"constantly, trying, while, crashing, update",1,2024-02-09
1,"buy, games, run, device, love",1,2024-02-10
1,"trying, download, crashing, keeps, update",1,2024-02-12
1,"pls, managing, manger, thnku, annoyyingg",1,2024-02-17
1,"2minutes, begore, menus, loaded, open",1,2024-02-19
1,"reinstalling, specs, cache, uninstalling, restarting",1,2024-02-20
1,"reverse, revert, easier, alot, world",1,2024-02-21
1,"alone, tries, complete, seems, waste",1,2024-02-24
2,"moves, rates, lacking, improvements, drop",1,2024-02-25
1,"upset, won, crashing, keeps, enjoyed",2,2024-02-26
1,"freeze, freezing, shouldn, s22, lagging",1,2024-02-28
1,"s22, ps5, shame, s21, working",5,2024-03-01
2,"qol, gameplay, better, genshin, than",1,2024-03-01
1,"glitchy, closes, disappointing, really, gets",1,2024-03-02
1,"startup, percent, won, menu, shame",1,2024-03-05
1,"closes, freezes, force, proceed, 15",1,2024-03-16
3,"banget, gila, jomok, collab, fate",1,2024-03-16
2,"p2w, break, pls, us, give",1,2024-03-20
1,"incredible, glitchy, available, thats, crash",2,2024-03-21
2,"gready, disgusted, dud, soo, gacha",1,2024-03-21
3,"jomok, collab, fate, que, worst",1,2024-03-21
4,"google, account, password, supposed, seem",1,2024-03-21
5,"part, busy, mission, cg, unimportant",1,2024-03-21
1,"crashed, untill, takes, long, always",2,2024-03-22
2,"loaded, drop, unless, different, crazy",1,2024-03-22
5,"fighting, suffocates, understand, lines, sea",1,2024-03-22
1,"residuals, wna, hoyoverese, lowering, stucks",4,2024-03-23
3,"traah, collab, fate, que, worst",1,2024-03-23
1,"bad, melon, playground, freeze, tasks",4,2024-03-24
2,"returning, rewards, bad, player, very",1,2024-03-24
3,"noob, annoying, ok, so, this",3,2024-03-24
4,"join, annoying, even, so, can",1,2024-03-24
5,"necessary, eat, text, people, add",1,2024-03-24
1,"mistplay, registration, 20, reopened, dealing",1,2024-03-25
5,"pitfalls, realize, fantastic, drop, highly",1,2024-03-25
1,"gigs, rendered, mai, hundred, upldate",4,2024-03-27
1,"consistently, burst, acheron, crash, finally",1,2024-03-28
1,"chrombook, kicks, heard, expectations, loaded",1,2024-04-01
1,"decently, choppy, frames, performs, device",1,2024-04-03
1,"working, again, it, loading, screen",1,2024-04-04
1,"round, told, developers, ever, had",1,2024-04-21
3,"masterpiece, collab, fate, que, worst",1,2024-04-22
5,"builds, attrition, triple, unsatisfying, stability",1,2024-05-06
2,"amazing, desktop, amounts, small, three",1,2024-05-08
1,"songs, beautiful, best, bugs, update",1,2024-05-09
1,"mentioned, glitchy, previously, textures, mess",1,2024-05-18
3,"pleaae, trade, robin, important, deleted",1,2024-05-18
1,"androids, lol, made, not, for",1,2024-06-18
0,"easier, him, pleaase, bods, beat",1,2024-06-28
2,"yeti, disconnecting, dang, deep, awesome",1,2024-07-04
1,"glitchy, ver, good, looks, oh",1,2024-07-15
1,"reopening, show, eventhough, black, because",1,2024-07-17
5,"dialoguecutscene, skip, button, no, story",1,2024-07-17
2,"besides, graphic, points, storyline, through",2,2024-07-18
3,"stubid, game, collab, fate, que",1,2024-07-19
3,"happy, play, good, game, collab",1,2024-07-21
4,"via, cant, login, even, game",1,2024-07-21
1,"redmi, 12, lags, it, loading",1,2024-07-23
0,"burns, materials, place, grind, tired",1,2024-07-31
1,"cameback, glitchy, although, fixed, graphics",1,2024-07-31
2,"jade, stellar, 480, friendly, 1010",1,2024-08-02
3,"boring, collab, fate, que, worst",1,2024-08-03
1,"million, alr, warning, overheat, downloads",1,2024-08-04
3,"bir, aldm, baarl, ederim, gayet",1,2024-08-14
1,"crashing, it, loading, screen, phone",1,2024-08-21
3,"yanqing, himeko, slideshow, fake, deserves",2,2024-08-21
4,"sounded, messages, switching, servers, cool",1,2024-08-21
1,"waited, frustratingly, percent, loaded, imagine",1,2024-08-22
3,"trash, collab, fate, que, worst",1,2024-08-22
5,"whove, whose, intro, tutorial, unskippable",1,2024-08-22
1,"rebooting, playa, nd, upset, didn",1,2024-08-23
1,"load, won, wasted, waited, updated",2,2024-08-25
4,"unresponsive, concern, luckily, contains, followed",1,2024-08-25
1,"delete, space, storage, boring, takes",1,2024-08-27
1,"dreamscape, damned, wen, pops, case",1,2024-08-29
3,"royalities, sappro, followings, vocaloid, japan",1,2024-08-29
5,"queen, mute, disrespect, robin, never",1,2024-08-29
2,"our, free, us, stars, give",1,2024-08-30
3,"bestie, era, slay, serve, multi",1,2024-08-31
5,"many, too, characters, skip, button",1,2024-08-31
4,"painful, life, uninstalled, anything, back",1,2024-09-02
4,"register, attempted, verification, email, back",2,2024-09-03
5,"disturbing, shippers, gay, hinted, hated",1,2024-09-03
1,"3000, mb, fake, uses, guys",1,2024-09-04
4,"create, requests, couldn, says, many",1,2024-09-05
0,"desire, substats, spend, relic, till",1,2024-09-07
1,"plss, optimization, flop, blade, god",3,2024-09-07
3,"podium, dying, room, whatever, horrible",2,2024-09-08
1,"8a, pixel, apps, finished, download",2,2024-09-09
2,"35gb, storyvoice, best, etc, cuz",1,2024-09-09
3,"robin, have, can, collab, fate",1,2024-09-09
5,"exagerately, line, movie, place, hate",1,2024-09-09
0,"roster, stingy, struggle, 90, released",1,2024-09-10
1,"icon, glitches, borisin, switches, surroundings",4,2024-09-10
2,"srsly, arrives, built, p2w, drops",3,2024-09-10
4,"login, error, update, new, with",1,2024-09-10
1,"freezed, trailblaze, overheat, device, appreciated",2,2024-09-11
2,"warps, weakest, s2, earily, 130",4,2024-09-11
3,"worest, life, my, of, game",1,2024-09-11
4,"prompt, annoyed, popping, accounts, message",1,2024-09-11
3,"store, awful, delete, off, should",1,2024-09-12
5,"year, know, skip, hoyo, button",1,2024-09-12
1,"objection, v8a, incompatible, compatability, maintain",2,2024-09-13
4,"1010, closed, disappointing, requests, opening",1,2024-09-13
1,"checking, 98, normal, tutorial, gb",2,2024-09-14
1,"arrive, hanya, prison, um, danheng",1,2024-09-15
3,"welt, yang, feixiao, gave, rate",1,2024-09-15
4,"unpacking, pthe, thouh, connection, smooth",3,2024-09-15
1,"unplayable, m51, frame, breaks, sudden",2,2024-09-16
2,"event, his, mitsuki, nanoka, b4stard",1,2024-09-16
3,"stupid, game, collab, fate, que",1,2024-09-16
4,"password, retrieve, google, allow, create",2,2024-09-16
5,"whyyyyyy, botton, mistakenly, choice, feature",2,2024-09-16
0,"dare, artifact, hate, guys, hoyoverse",1,2024-09-17
1,"tab, artisanship, comission, dl, resolve",2,2024-09-17
3,"sdccasd, collab, fate, que, worst",1,2024-09-17
0,"gatcha, relic, worst, worse, ever",1,2024-09-20
1,"working, update, me, new, not",1,2024-09-20
3,"heng, neow, dan, e6, right",1,2024-09-20
5,"sit, dialog, talking, fact, 20",1,2024-09-20
1,"integritas, cek, sering, bruhh, glitch",3,2024-09-21
2,"14, 29, anxiety, 214, pulls",1,2024-09-21
5,"speak, words, cannot, skip, many",1,2024-09-21
1,"figured, patient, res, looped, tend",1,2024-09-22
3,"delate, boring, download, bad, very",2,2024-09-22
5,"yellow, 10x, summons, farmed, deleting",1,2024-09-22
1,"20gygabytes, heat, 20, gigabytes, costs",1,2024-09-23
2,"ssr, outdated, elaborated, stingy, currencies",1,2024-09-23
4,"granted, reinstalled, into, logging, uninstalled",1,2024-09-23
5,"consuming, side, longer, quest, add",1,2024-09-23
0,"inexcusable, luofu, future, part, worst",1,2024-09-26
1,"slow, takes, open, long, too",1,2024-09-26
3,"coming, back, left, came, last",1,2024-09-26
1,"loads, literally, never, it, loading",1,2024-09-27
1,"lagged, plz, started, let, won",1,2024-09-28
1,"awhile, finding, erased, sitting, yes",1,2024-09-29
2,"attack, impact, genshin, round, fight",2,2024-09-29
4,"urgancy, hurry, js, sent, yall",1,2024-09-29
1,"load, forever, frist, mine, worked",2,2024-09-30
3,"gender, willing, mc, changing, pay",1,2024-09-30
0,"endgames, relic, rng, impressively, blaring",1,2024-10-01
2,"situations, horse, attribute, arse, shoe",1,2024-10-01
1,"took, data, whole, good, not",1,2024-10-02
2,"eighty, gotten, pulls, logged, haven",1,2024-10-02
4,"during, waiting, calyx, npc, failed",1,2024-10-02
1,"eye, storm, wondering, could, access",1,2024-10-03
2,"leaving, negative, horrendous, word, coming",1,2024-10-03
3,"boring, game, collab, fate, que",1,2024-10-03
2,"s6, r5, copied, impossible, average",2,2024-10-04
3,"suerte, es, se, dame, odia",1,2024-10-04
4,"know, going, log, account, what",1,2024-10-04
1,"restarts, front, moon, restarted, loads",1,2024-10-05
5,"unskipable, completed, tutorial, missions, annoying",1,2024-10-06
1,"lots, talking, away, downloaded, uninstall",1,2024-10-08
5,"unskipabble, relaunch, skip, replay, dialogues",1,2024-10-10
2,"expensive, yanqing, buy, rather, lose",2,2024-10-11
3,"boring, collab, fate, que, worst",1,2024-10-11
4,"twitter, inputimg, maintained, mobile, login",1,2024-10-11
1,"minecraft, let, won, bet, solve",3,2024-10-13
2,"claiming, companies, ads, these, their",1,2024-10-13
1,"space, takes, way, much, too",1,2024-10-14
4,"cousin, ml, philippines, thankyou, remove",1,2024-10-14
5,"dont, where, skip, button, your",1,2024-10-14
3,"wasting, annoying, talking, really, much",2,2024-10-15
1,"takes, download, long, too, to",1,2024-10-16
3,"tiktok, asf, ads, annoying, stop",1,2024-10-16
5,"skip, story, can, button, add",1,2024-10-16
1,"smooth, ruins, bc, laggy, cutscene",1,2024-10-17
1,"decided, reseted, wouldn, uninstall, randomly",1,2024-10-18
3,"good, game, collab, fate, que",1,2024-10-18
0,"cute, puke, firework, shoved, sympathy",1,2024-10-20
5,"pretending, sorts, meaningless, smashing, fictional",1,2024-10-20
0,"tap, next, instead, cannot, dialogue",1,2024-10-21
0,"godawful, finally, uninstall, worth, few",1,2024-10-22
4,"email, friend, hacker, ticket, hacked",2,2024-10-22
1,"books, chrome, trail, nun, eventsquest",3,2024-10-23
3,"luane, imbibitktoro, getnout, e3, himeko",2,2024-10-23
5,"sketeches, waifu, exhausting, portion, ultimates",1,2024-10-23
1,"reduces, storage, bit, taking, space",1,2024-10-24
0,"va, thr, pile, hired, unbelievable",1,2024-10-25
1,"work, doesn, it, loading, screen",1,2024-10-25
3,"bad, so, it, collab, fate",1,2024-10-25
5,"idiot, plot, interesting, an, at",1,2024-10-26
1,"journey, rail, end, star, my",1,2024-10-28
0,"further, stages, cater, unit, meta",1,2024-10-29
1,"pom, alott, tabs, 24gb, ups",2,2024-10-29
1,"gpes, stops, black, start, at",1,2024-10-30
1,"go, bugs, bugging, quest, hoyo",1,2024-10-31
1,"proceeding, blacks, children, finding, three",1,2024-11-01
4,"acouple, into, weeks, log, back",1,2024-11-01
1,"2gb, resources, 7gb, kicked, twice",1,2024-11-03
2,"greed, pity, gacha, game, is",1,2024-11-03
3,"feng, dan, playable, when, collab",1,2024-11-03
4,"againts, loyalty, hardship, rob, whats",1,2024-11-04
2,"milkmoney, eat, dead, garbage, gacha",1,2024-11-05
5,"voice, scene, non, add, skip",1,2024-11-05
2,"banners, best, bullying, curseddddd, dumped",2,2024-11-06
4,"a35, reload, network, samsung, matter",1,2024-11-06
1,"october, software, 24, options, middle",1,2024-11-07
5,"process, fighting, rpg, pure, thought",1,2024-11-07
1,"lstuck, bro, ugh, asf, annoying",2,2024-11-09
0,"patches, span, 11, powercreeped, bunch",1,2024-11-10
5,"quest, pointless, biggest, newest, yet",1,2024-11-10
0,"bis, disrespectfully, constellations, powercrept, unit",1,2024-11-13
2,"rigged, pity, lost, hard, so",1,2024-11-13
3,"bailu, giving, stop, me, collab",1,2024-11-13
0,"win, wow, powercreeping, biggest, ridiculous",2,2024-11-14
4,"blocked, swarm, morning, login, night",1,2024-11-14
5,"action, easy, adaption, formula, combat",2,2024-11-15
3,"rappa, worst, happened, thing, event",1,2024-11-16
0,"favour, hustle, units, curse, following",1,2024-11-17
1,"fifth, honkai, hours, 1001, wasted",1,2024-11-18
3,"plspslspslspsl, aventurine, give, me, collab",1,2024-11-18
5,"jp, dub, notifications, bothersome, language",1,2024-11-18
1,"bug, cannon, pinball, amusement, machine",1,2024-11-19
2,"nough, gambling, said, could, never",2,2024-11-19
3,"bugs, collab, fate, que, worst",1,2024-11-19
5,"stability, reward, comes, dialog, fact",1,2024-11-19
0,"op, stupidest, nerf, died, boss",2,2024-11-20
1,"ui, pain, yunli, hiding, spamming",1,2024-11-21
3,"mob, coop, not, is, collab",1,2024-11-22
2,"cloud, someday, sj, demanding, realise",2,2024-11-23
4,"deleted, googled, mailed, database, uid",1,2024-11-23
4,"network, ill, fixed, our, install",1,2024-11-24
5,"bananas, spam, cares, clicking, interest",1,2024-11-24
1,"loading, letting, redownlading, stuck, several",2,2024-11-25
2,"exclusive, sheesh, margin, functions, dupes",3,2024-11-25
0,"units, disgusting, buying, scaling, 4star",1,2024-11-26
4,"lost, account, my, error, login",1,2024-11-27
2,"pulls, 80, free, didn, get",1,2024-11-28
4,"username, link, password, email, bad",1,2024-11-28
5,"ngantuk, tombol, bikin, tambah, sesusah",2,2024-11-28
2,"inclusive, color, playable, more, would",1,2024-11-29
4,"costumer, contacted, wrote, support, sadly",2,2024-11-29
5,"twirl, puzzle, herta, forever, took",1,2024-11-29
0,"presentation, penacony, garbage, story, is",1,2024-11-30
2,"bailus, scam, hate, cone, light",1,2024-12-01
3,"banana, collab, fate, que, worst",1,2024-12-01
1,"tia, plain, launched, black, click",1,2024-12-02
2,"000001, 160, 99, satisfied, rolls",1,2024-12-03
3,"clockey, park, theme, couldn, past",1,2024-12-03
4,"emailing, successfully, account, farmed, users",1,2024-12-03
5,"value, hours, dialogue, skip, feature",1,2024-12-03
0,"thinner, decision, resistant, timefinancial, eidolonslightcones",2,2024-12-04
2,"50, drop, rates, sucks, low",2,2024-12-04
3,"perdi, peguei, nenhum, mesmo, funcionou",1,2024-12-04
5,"hate, skip, soooooo, jargon, dominate",6,2024-12-04
1,"14g, wont, loading, pc, think",2,2024-12-05
2,"wishes, swear, making, pity, lose",1,2024-12-06
0,"ffacheronrappa, wo, boothill, underwhelming, supports",1,2024-12-07
1,"resolution, highest, render, different, model",3,2024-12-07
2,"100, include, 50, farm, guaranteed",1,2024-12-07
3,"mihoyo, down, with, collab, fate",1,2024-12-07
5,"contrieved, designing, dialouge, unfriendly, universal",1,2024-12-07
0,"wanting, serious, stay, out, issues",1,2024-12-08
1,"oc, starter, honor, creating, created",2,2024-12-08
2,"wished, pity, yangqing, 75, e1",1,2024-12-08
5,"gamemodes, dislike, progressively, idk, tell",1,2024-12-08
0,"incessant, gender, paths, powercreeps, female",1,2024-12-09
3,"7th, march, collab, fate, que",1,2024-12-09
5,"voice, actor, actors, certain, english",1,2024-12-09
0,"plss, inflation, hp, fix, the",1,2024-12-11
0,"greedy, too, dont, inflation, hp",1,2024-12-12
0,"engaging, peak, yapcony, brainrot, soundtrack",1,2024-12-13
1,"mgb, takes, crashed, decided, lots",2,2024-12-15
1,"rude, ok, everything, way, doesn",1,2024-12-16
5,"sub, quest, skip, give, button",1,2024-12-16
2,"tops, masterpiece, do, farm, costs",1,2024-12-17
4,"miyoho, hoops, requested, psn, linking",1,2024-12-17
5,"throats, launching, picked, book, decide",1,2024-12-17
3,"scam, luck, garbage, give, me",2,2024-12-18
4,"programming, piss, erased, poor, completely",1,2024-12-18
5,"dialogs, cringe, unskippable, ok, gameplay",1,2024-12-18
2,"sparkle, refund, once, win, let",2,2024-12-21
3,"penacony, trash, collab, fate, que",1,2024-12-21
5,"prolonging, forgo, exchange, exhausting, resource",1,2024-12-21
1,"chrome, entered, honest, laptop, badly",1,2024-12-23
5,"dialogues, skip, need, button, for",1,2024-12-23
0,"creeps, suck, power, is, the",1,2024-12-24
2,"unfair, simply, pity, gacha, game",1,2024-12-24
1,"flashing, move, screen, playtime, occur",1,2024-12-25
2,"pays, he, discouraging, boxesgatcha, probability",3,2024-12-25
3,"unhelpful, customer, service, even, is",1,2024-12-25
4,"scratch, choose, wont, ago, delete",1,2024-12-25
5,"enought, spacebar, pressing, faster, grind",1,2024-12-25
0,"means, va, regards, disposable, casting",1,2024-12-26
2,"280, gachapulling, rngs, hisher, buttonfunction",1,2024-12-26
4,"errors, lot, wasn, hell, come",1,2024-12-26
1,"controller, icon, answer, ps5, switch",1,2024-12-27
2,"burden, escalates, stacked, player, warp",1,2024-12-27
1,"starail, bugging, between, map, wanted",1,2024-12-29
2,"70, pulled, suck, works, pulls",2,2024-12-29
3,"luck, no, in, this, game",1,2024-12-29
1,"dunno, glitch, astral, express, glitching",2,2024-12-30
0,"enjoyer, buyer, singular, confined, select",1,2024-12-31
1,"fei, xiao, pov, switching, modal",1,2024-12-31
2,"lvl, 56, impossibly, echo, enjoyment",1,2024-12-31
2,"2575, 50, 75, pity, lose",1,2025-01-01
3,"horrible, people, made, by, game",1,2025-01-01
4,"double, checked, dedicated, asia, email",2,2025-01-02
5,"placements, product, through, slog, personally",1,2025-01-02
3,"aven, fix, collab, fate, que",1,2025-01-03
3,"terrible, collab, fate, que, worst",1,2025-01-04
5,"unskippable, ads, youtube, plot, bad",1,2025-01-04
4,"bars, masterpiece, stage, rated, tells",1,2025-01-05
5,"dialogue, add, skip, long, button",1,2025-01-05
2,"balanced, detest, butchered, tracers, shall",2,2025-01-06
3,"cheapskate, 50, 70, tired, 30",1,2025-01-06
0,"svarog, swarm, moc, inflating, tank",1,2025-01-07
1,"yesterday, chromebook, backgrounds, pinkblack, havn",2,2025-01-07
2,"difficult, spending, without, games, money",1,2025-01-07
4,"glitching, betrayed, hoyaverse, glitch, press",1,2025-01-07
1,"eh, alright, takes, much, too",1,2025-01-08
2,"access, greedy, could, give, games",1,2025-01-08
0,"fiction, apocalyptic, chaos, memory, investing",2,2025-01-10
3,"nice, game, collab, fate, que",1,2025-01-10
4,"verify, december, russian, comfort, app",2,2025-01-10
0,"theyll, atrocious, 5s, relevant, besides",2,2025-01-11
1,"boots, deseves, cuts, lick, modification",1,2025-01-11
5,"ai, watching, feature, anyway, background",1,2025-01-11
0,"physically, dpses, horribly, quit, atrocious",2,2025-01-12
1,"accidentally, chose, sleep, yesterday, restarted",1,2025-01-12
2,"learn, reach, start, top, useless",1,2025-01-12
3,"taste, moc, trash, new, not",2,2025-01-13
0,"forgotten, blade, the, powercreep, characters",1,2025-01-14
1,"anthor, iam, mobile, install, nice",1,2025-01-14
0,"powercreep, interest, optional, stomp, behave",8,2025-01-15
1,"v3, argenti, track, exit, idk",4,2025-01-15
2,"draining, scam, lasted, everyday, dropping",3,2025-01-15
3,"compensation, aventurine, bug, bugged, we",8,2025-01-15
5,"chunk, rug, voiced, large, regret",1,2025-01-15
0,"meaningfully, premiere, wronged, xianzhou, personal",2,2025-01-16
1,"size, gb, stutter, 22, versin",4,2025-01-16
2,"complaining, yap, superior, 97, valued",3,2025-01-16
3,"rnnnnnnn, aventurine, fix, collab, fate",1,2025-01-16
4,"log, refresh, request, idk, why",1,2025-01-16
5,"causing, mc, summarized, andor, chalkboard",2,2025-01-16
1,"scene, quadruple, s24fe, pitch, on",3,2025-01-17
2,"fexiao, debt, squid, threat, 200m",1,2025-01-17
3,"occupation, musical, vocaloid, fandom, japanese",1,2025-01-17
5,"settle, recast, studio, stands, situation",1,2025-01-17
2,"fun, diggers, falls, bankruptcy, generous",4,2025-01-18
3,"rubbish, invested, worst, trash, time",1,2025-01-18
5,"eng, voices, dub, missing, many",1,2025-01-18
0,"boringwaste, obselete, unbalanced, bis, important",2,2025-01-19
2,"given, come, boring, experience, having",1,2025-01-19
3,"nake, tiktok, must, love, honkai",1,2025-01-19
4,"gimme, acc, old, back, my",1,2025-01-19
5,"videogame, describes, meant, insufferable, novels",1,2025-01-19
0,"animation, horrible, dreadful, pase, wht",5,2025-01-20
1,"lol, work, doesn, it, loading",1,2025-01-20
2,"ungodly, hyper, soul, progressing, experiences",1,2025-01-20
3,"don, like, game, the, collab",1,2025-01-20
4,"loop, invalid, verification, code, over",1,2025-01-20
5,"arsed, sit, slop, storytelling, amphoreus",2,2025-01-20
0,"mil, 7mil, thy, 17, teams",1,2025-01-21
1,"sec, crashing, keep, why, one",1,2025-01-21
2,"fanservice, male, waifu, rage, incel",1,2025-01-21
4,"methods, request, letting, ive, fixing",1,2025-01-21
5,"novel, visual, png, director, horrendous",1,2025-01-21
0,"deter, included, extent, trending, attempting",2,2025-01-22
1,"trouble, over, 30, overall, minutes",1,2025-01-22
2,"50, guaranteed, pulls, downloading, 80",2,2025-01-22
3,"went, downhill, rate, trash, out",2,2025-01-22
3,"drama, trash, no, collab, fate",1,2025-01-23
5,"trailers, fluid, animation, zzz, 2d",1,2025-01-23
0,"dynamic, ment, angle, standing, camera",1,2025-01-24
4,"exact, account, replies, connect, forms",2,2025-01-24
0,"fearing, pulled, unit, tomorrow, missed",1,2025-01-25
1,"omg, 15, disappointing, type, looks",1,2025-01-25
2,"better, genshin, than, good, game",1,2025-01-25
3,"sooo, bad, now, is, game",1,2025-01-25
5,"feelsbadman, unfixed, gutter, list, yeah",1,2025-01-25
0,"ther, powercreepting, hp, buffing, pain",2,2025-01-26
1,"warps, spanish, standard, response, warped",1,2025-01-26
3,"taek, game, collab, fate, que",1,2025-01-26
4,"dissapointment, 60, gives, switch, send",1,2025-01-26
5,"uncomfortable, dub, en, remove, problems",1,2025-01-26
0,"sword, her, hater, wielding, alters",1,2025-01-27
3,"af, boring, collab, fate, que",1,2025-01-27
4,"page, tutorial, sign, beat, verification",1,2025-01-27
5,"rampant, improve, bad, presentation, balancing",1,2025-01-27
0,"shady, done, think, am, hoyo",1,2025-01-28
1,"rail, yes, loading, star, honkai",1,2025-01-28
2,"cosmic, stroy, prize, favoritism, lucky",2,2025-01-28
4,"animation, portal, normally, page, shown",1,2025-01-28
5,"crumble, hr, honeymoon, reuninstalled, desperately",4,2025-01-28
0,"presentations, fallacy, degraded, sunk, holds",1,2025-01-29
1,"takes, long, update, to, it",1,2025-01-29
0,"demoted, exert, attention, pattern, unbeatable",1,2025-01-30
2,"5th, sci, techno, belabog, peaked",3,2025-01-30
4,"frequently, deleted, progress, didn, when",1,2025-01-30
1,"shuts, scrolling, down, phone, su",1,2025-01-31
3,"boring, start, get, it, to",1,2025-01-31
4,"gimme, acct, ver, gmail, wont",1,2025-01-31
5,"missing, overs, patched, voice, disappointing",1,2025-01-31
0,"pictures, sheet, goodluck, creators, those",1,2025-02-01
3,"trash, collab, fate, que, worst",1,2025-02-01
4,"register, fav, requests, unable, account",1,2025-02-01
5,"sunday, remove, pls, horrible, character",1,2025-02-01
0,"gear, crafting, squishy, taunt, mold",2,2025-02-02
2,"draws, lim, reached, scam, 5star",1,2025-02-02
3,"earth, unluckiest, person, planet, might",1,2025-02-02
0,"skem, rotation, gatekeep, customize, surely",6,2025-02-03
2,"500k, jades, lunar, demon, advised",7,2025-02-03
3,"stingy, 500k, prize, jade, usual",5,2025-02-03
4,"occasion, gladly, booted, 10010, perfect",1,2025-02-03
0,"rigged, relic, downhill, such, down",2,2025-02-04
3,"unluckiest, da, stupid, world, worst",2,2025-02-04
0,"op, b5, 1x, 7090, nerf",2,2025-02-05
1,"fexiao, retrack, 120fps, praiseee, hoolay",3,2025-02-05
2,"50s, flat, winning, rolls, keep",1,2025-02-05
0,"destruction, absurb, charater, hahaha, lazily",2,2025-02-06
1,"bigger, adoptable, sd, plis, card",1,2025-02-07
5,"2nd, acc, using, dialogue, skip",1,2025-02-07
3,"gameeeee, love, this, collab, fate",1,2025-02-08
5,"sht, anyway, addd, skippp, agleae",3,2025-02-08
1,"potato, far, graphics, so, too",1,2025-02-09
4,"removing, stop, login, my, error",1,2025-02-09
5,"experiance, skip, fgo, huh, button",2,2025-02-09
4,"somebody, elevater, font, ill, access",1,2025-02-10
5,"especially, events, skip, button, no",1,2025-02-10
1,"experiencing, someone, bug, help, me",1,2025-02-11
2,"fair, gacha, only, if, was",1,2025-02-11
3,"quit, collab, fate, que, worst",1,2025-02-11
4,"beg, log, saying, trying, change",1,2025-02-11
5,"conversations, missions, annoying, damn, taking",1,2025-02-11
0,"horrible, ever, sorry, worst, pay",1,2025-02-12
5,"talking, booooooooooooook, tooooooo, tooooooooo, toooo",1,2025-02-14
0,"76, sponges, set, enemies, pity",1,2025-02-15
1,"ulti, feixiao, underground, ice, stuck",2,2025-02-15
2,"spiking, state, constant, fairly, caring",2,2025-02-15
5,"90, dialog, 10, gameplay, skip",1,2025-02-15
2,"robin, griding, 110, alr, fair",1,2025-02-16
5,"calibre, gatcha, common, till, added",1,2025-02-16
0,"60, rng, unfair, gacha, sucks",2,2025-02-17
0,"moc, herta, unplayable, amen, anyways",4,2025-02-18
1,"mysteriously, uses, nobody, installed, install",1,2025-02-18
2,"useless, totally, kit, cupboard, c1",4,2025-02-18
0,"pool, disappoinment, lighcone, scammed, weak",2,2025-02-19
1,"spec, s23, smooth, galaxy, official",2,2025-02-19
2,"payment, bought, glory, stick, absorb",3,2025-02-19
3,"nerfing, apology, vague, footnote, bugged",2,2025-02-19
5,"concentrate, help, us, add, skip",1,2025-02-19
0,"rng, heavily, leads, watered, leans",4,2025-02-20
2,"enemy, mechanic, genshinizing, unhealty, emblem",4,2025-02-20
0,"powercreep, getting, fun, states, synergy",8,2025-02-21
1,"honkai, rail, could, never, star",1,2025-02-21
2,"leave, longer, fun, trash, all",1,2025-02-21
3,"bomber, partner, describe, person, ll",1,2025-02-21
4,"1year, install, uninstall, stuck, forever",1,2025-02-21
5,"sections, skip, reading, story, hooked",2,2025-02-21
0,"harder, feared, gatekeeped, creepin, caution",3,2025-02-22
1,"your, fix, game, it, loading",1,2025-02-22
2,"specific, fortunately, experienc, conclusion, avenues",3,2025-02-22
5,"skip, egotistical, confident, above, head",1,2025-02-22
0,"harmony, introduced, toxic, mad, pushing",4,2025-02-23
2,"easy, charactersweapons, ftp, banners, coop",1,2025-02-23
0,"artifact, ornament, acknowledged, fo, chances",3,2025-02-24
3,"bad, collab, fate, que, worst",1,2025-02-24
5,"liu, jing, regret, theres, e2",1,2025-02-24
0,"write, toward, biased, route, floor",1,2025-02-25
2,"disproportionately, reddit, sales, window, dent",2,2025-02-25
4,"huohuo, reset, recover, pleaseee, same",1,2025-02-25
0,"powercreep, character, unbalanced, you, balancing",18,2025-02-26
1,"reply, mydei, displays, staircases, debuff",3,2025-02-26
2,"gacha, p2w, they, guess, if",11,2025-02-26
3,"dead, collab, fate, que, worst",1,2025-02-26
4,"validation, code, cannot, cant, login",1,2025-02-26
5,"unemployed, mothing, goog, quest, voices",3,2025-02-26
0,"moreeee, nawrrr, gameee, sanity, powercreeps",3,2025-02-27
1,"hog, memory, absolute, space, big",1,2025-02-27
2,"decent, corporation, paywalls, implements, pity",3,2025-02-27
3,"cheat, topup, nope, robin, drop",1,2025-02-27
5,"avoided, bootleg, gow, skip, audience",2,2025-02-27
0,"relic, sttar, unexpressive, sickening, truely",4,2025-02-28
2,"chrs, 000, pay, refund, greedy",6,2025-02-28
3,"ruined, life, my, collab, fate",1,2025-02-28
4,"gmail, authentication, send, code, encounter",5,2025-02-28
5,"thing, skip, button, one, story",1,2025-02-28
0,"element, imaginary, their, clearly, altogether",5,2025-03-01
2,"look, poor, nonsensical, recommend, pressure",7,2025-03-01
3,"worse, got, it, collab, fate",1,2025-03-01
5,"voice, potentially, repulsive, obtain, toilet",1,2025-03-01
0,"powercreep, scamstorice, road, duplicate, unclear",5,2025-03-02
1,"nice, fixed, already, it, loading",1,2025-03-02
2,"07, 02, payy, leech, amigos",3,2025-03-02
4,"distribution, global, keep, getting, error",1,2025-03-02
5,"skip, major, text, localization, pronoun",3,2025-03-02
0,"simple, patch, pitiful, woah, curcumstance",5,2025-03-03
2,"grabber, average, gatcha, concept, struggle",3,2025-03-03
0,"earn, plebs, streamers, earning, knows",2,2025-03-04
4,"expired, delayed, code, appear, verification",1,2025-03-04
5,"yapping, whimsical, childish, force, address",2,2025-03-04
0,"hero, adding, rubbish, human, head",7,2025-03-05
2,"topping, blush, crime, idle, gepard",2,2025-03-05
3,"dont, just, collab, fate, que",1,2025-03-05
5,"headache, stress, enjoyable, supposed, giving",1,2025-03-05
0,"letdown, char, bypass, chars, powercreeping",5,2025-03-06
4,"stare, nvm, downloads, load, cannot",2,2025-03-06
5,"progression, slow, dialogue, skip, no",1,2025-03-06
0,"congrats, remove, doomed, global, beautiful",4,2025-03-07
2,"precedence, perspectives, visions, dreamt, change",1,2025-03-07
5,"intentional, automatic, attacks, disliked, act",1,2025-03-07
0,"upcoming, affairs, agressive, catering, charactes",3,2025-03-08
1,"transition, divergent, consuming, night, universe",2,2025-03-08
3,"cute, gepard, away, took, think",3,2025-03-08
4,"number, transfer, carefully, activation, verification",2,2025-03-08
0,"content, strugle, obtaining, pixels, specifying",6,2025-03-09
1,"room, overlapped, explored, repetitively, bugged",1,2025-03-09
2,"level, continously, generally, witness, thoughts",4,2025-03-09
4,"unbearably, january, issue, sending, delayed",1,2025-03-09
5,"decent, okay, music, extremely, boring",1,2025-03-09
0,"thanks, passive, global, no, powercreep",1,2025-03-10
2,"animating, blackscreen, yet, reward, proper",2,2025-03-10
3,"offspring, devil, of, this, is",1,2025-03-10
4,"appear, asks, isnt, frustrated, code",1,2025-03-10
5,"yapp, jutsu, hes, naruto, skip",2,2025-03-10
0,"bleed, insta, wittled, fexiaio, bullcrap",5,2025-03-11
2,"modern, facial, expressions, hole, lacks",3,2025-03-11
0,"powercreep, features, chars, premium, balanced",9,2025-03-12
2,"maim, cinema, make, somehow, zzz",1,2025-03-12
5,"consist, letters, telling, hrs, each",1,2025-03-12
0,"control, powercreep, mydei, him, druing",4,2025-03-13
2,"greedverse, care, tbh, wasn, about",1,2025-03-13
5,"stiff, unimportant, movement, screens, many",1,2025-03-13
0,"chosen, balanced, tbgs, perfect, damage",2,2025-03-14
2,"toooooo, pf, required, repetitive, contents",1,2025-03-14
3,"rn, soo, boring, this, is",1,2025-03-14
5,"cut, length, decrease, scenes, engaging",1,2025-03-14
0,"devil, period, unfair, auto, passives",2,2025-03-15
1,"caused, fault, kicking, deleting, shuts",1,2025-03-15
2,"moneygrab, straight, decent, huge, storytelling",1,2025-03-15
3,"himeko, voice, heng, dan, where",1,2025-03-15
4,"code, send, injoy, verification, email",2,2025-03-15
0,"dim, hire, 2hour, 10x, result",1,2025-03-16
1,"crashed, annoyed, stress, lagging, lags",1,2025-03-16
3,"respect, wasted, time, that, my",1,2025-03-16
4,"reboot, distribution, found, click, decided",1,2025-03-16
0,"cattle, blinded, christ, jesus, humans",1,2025-03-17
1,"glitch, kind, away, right, take",1,2025-03-17
2,"precious, clears, serve, excuse, boring",2,2025-03-17
0,"fool, stray, treat, lessen, players",2,2025-03-18
2,"tribbie, lost, 5050, btw, banner",1,2025-03-18
0,"multiplayer, dumb, accepts, chat, agreed",3,2025-03-19
1,"messenger, ultras, s25, anyone, talking",1,2025-03-19
5,"paywalled, puch, wheel, hamster, benched",1,2025-03-19
0,"runed, sucking, ew, wallet, powercreep",1,2025-03-20
2,"ongoing, friendly, f2p, little, downhill",1,2025-03-20
5,"poorly, optimized, unplayable, enough, mobile",1,2025-03-20
0,"impaired, passives, castorice, practically, stays",2,2025-03-21
1,"eat, space, storage, lot, on",1,2025-03-21
2,"encourage, stronger, newbie, home, enemy",1,2025-03-21
4,"delaying, security, code, error, login",1,2025-03-21
6,"castroice, buffing, p2w, control, unfair",1,2025-03-21
0,"frgging, cranking, unculturing, numbers, unimaginative",2,2025-03-22
1,"welkin, unimaginative, plug, simulated, told",2,2025-03-22
3,"que, para, es, el, te",1,2025-03-22
5,"storylore, text, simplest, literal, wall",3,2025-03-22
0,"amporeus, slideshows, developments, rife, mihoyohoyoverse",4,2025-03-23
3,"wei, weak, da, male, as",1,2025-03-23
4,"10010, occurred, later, error, code",1,2025-03-23
0,"helpful, heal, compositions, restoration, object",3,2025-03-24
2,"levelling, found, listen, toxicity, blergh",2,2025-03-24
3,"spiral, downhill, right, way, every",1,2025-03-24
4,"helped, customer, credentials, contacting, contacted",1,2025-03-24
5,"endless, staring, yapping, playstyle, dot",1,2025-03-24
2,"num1, supporter, skill, kinda, pulls",2,2025-03-25
4,"registering, requestes, acc, waited, wait",2,2025-03-25
5,"skip, about, button, what, story",1,2025-03-25
0,"needless, overt, introducing, sooner, everywhere",2,2025-03-26
2,"gambling, hall, accountglabal, optimal, kids",1,2025-03-26
0,"cashcow, two, patches, hoyoverse, insane",2,2025-03-27
2,"nerf, kills, banned, anaxa, greedy",2,2025-03-27
3,"aged, company, milk, such, horrible",2,2025-03-27
5,"dialogues, too, should, add, skip",2,2025-03-27
0,"powercreep, improved, populate, remains, predetory",6,2025-03-28
2,"creates, weaker, sells, boredoom, youre",3,2025-03-28
3,"speedrunning, compensating, muted, death, hyped",2,2025-03-28
4,"signup, requests, while, many, too",1,2025-03-28
5,"eos, eyes, freaking, bloat, trust",2,2025-03-28
0,"he, galore, moronic, outstanding, allergic",3,2025-03-29
2,"per, sidelines, niches, imposing, exceedingly",1,2025-03-29
5,"casuals, stroy, finishing, unnecessary, skip",2,2025-03-29
0,"annoying, mei, insanelimited, grave, digging",2,2025-03-30
1,"minute, 10, without, crashing, play",1,2025-03-30
0,"muscle, welt, passive, buff, global",2,2025-03-31
4,"hard, login, so, it, to",1,2025-03-31
0,"passive, sucks, global, powercreep, characters",1,2025-04-01
5,"us, skip, give, button, just",1,2025-04-01
2,"summary, castorise, practiceses, revealed, reply",1,2025-04-02
3,"bad, really, collab, fate, que",1,2025-04-02
0,"pasive, investment, character, two, force",1,2025-04-03
2,"free, good, characters, game, pity",1,2025-04-03
0,"asap, blade, buff, powercreep, characters",1,2025-04-04
3,"doang, inflasi, konten, cuma, ampas",1,2025-04-04
0,"wow, myself, giveaway, realisation, breadcrums",3,2025-04-05
1,"999ms, frequently, stable, although, ping",1,2025-04-05
2,"placeholder, asked, majority, playerbase, implement",1,2025-04-05
3,"disappointed, really, boring, its, now",2,2025-04-05
0,"comp, lazier, cater, better, much",1,2025-04-06
2,"buttonstick, convo, openworld, c9ntrollers, surprised",1,2025-04-06
3,"don, play, just, collab, fate",1,2025-04-06
4,"uninstalled, error, login, account, log",1,2025-04-06
5,"main, long, too, story, for",1,2025-04-06
2,"dried, em, wallet, ur, developer",1,2025-04-07
3,"bad, now, just, it, collab",1,2025-04-07
0,"benched, stay, away, don, year",1,2025-04-08
3,"scam, me, this, game, collab",1,2025-04-08
0,"zzz, forming, recommending, ggz, pattern",1,2025-04-09
2,"planar, drops, decent, losing, relics",1,2025-04-09
3,"nice, collab, fate, que, worst",1,2025-04-09
4,"internet, properly, low, log, if",1,2025-04-09
2,"burst, win, gacha, ios, penalty",4,2025-04-10
3,"bad, so, collab, fate, que",1,2025-04-10
5,"implement, dialogues, option, boring, should",1,2025-04-10
0,"scumbag, lightcone, alternative, eidolon, locking",1,2025-04-11
2,"disconnects, replay, connection, fantastic, generous",1,2025-04-11
3,"disappointment, damn, nice, nothing, but",2,2025-04-11
0,"harder, 2years, outdates, juicy, 8hours",1,2025-04-12
1,"frequent, bugs, newest, patch, on",1,2025-04-12
2,"2nd, anniversary, worst, boring, content",1,2025-04-12
1,"31, pauses, often, notification, during",2,2025-04-13
2,"archer, star, pity, gacha, game",1,2025-04-13
5,"skip, button, us, add, give",2,2025-04-13
3,"everything, bad, collab, fate, que",1,2025-04-14
0,"pathetic, scumhoyo, disgraceful, uninstal, instant",1,2025-04-15
4,"cannot, log, update, after, in",1,2025-04-15
0,"accs, seele, 20, google, ll",1,2025-04-16
1,"stop, won, crashing, it, loading",1,2025-04-16
3,"very, bad, collab, fate, que",1,2025-04-16
0,"signs, plague, along, inflated, once",1,2025-04-18
1,"working, not, it, loading, screen",1,2025-04-18
2,"50, lost, pity, gacha, game",1,2025-04-18
5,"thats, colorsnow, hasnt, flipped, text",1,2025-04-18
4,"system, login, your, fix, in",1,2025-04-19
0,"sake, overly, heart, worlds, complicated",1,2025-04-20
1,"flickered, flickering, solve, move, suddenly",1,2025-04-20
2,"lol, lack, actually, content, of",1,2025-04-20
3,"sw, love, collab, fate, que",1,2025-04-20
0,"uninstalled, passive, insane, global, bad",1,2025-04-21
3,"sad, bad, now, it, collab",1,2025-04-22
1,"stupid, worst, more, from, update",1,2025-04-24
2,"grind, begginers, taxing, coming, tough",2,2025-04-24
3,"enjoyable, longer, used, good, be",2,2025-04-24
4,"puts, correct, server, break, account",1,2025-04-24
5,"repetitive, skip, button, good, when",2,2025-04-24
0,"absurdly, shambles, state, ruined, evolution",1,2025-04-25
2,"anniversary, collect, doubled, behind, introducing",2,2025-04-25
0,"blade, him, lose, fenominal, pass",3,2025-04-26
2,"letter, allows, mysterious, display, bountiful",3,2025-04-26
3,"top, fun, anymore, great, not",3,2025-04-26
0,"rng, wi, moments, failing, buft",5,2025-04-27
2,"straight, ppt, overwritten, pumping, raise",5,2025-04-27
3,"fell, man, becoming, far, waste",2,2025-04-27
4,"jst, lol, isnt, helping, criticism",1,2025-04-27
0,"exist, friend, need, loved, spent",2,2025-04-28
1,"stucks, redownloading, install, loading, lol",1,2025-04-28
2,"pity, faves, regressed, fustrating, wtfff",5,2025-04-28
3,"baddddddd, longerawesome, mid, okay, boring",5,2025-04-28
0,"arghhhhh, unbelievable, global, enjoyed, lowest",3,2025-04-29
1,"server, menus, click, whatever, fixing",1,2025-04-29
2,"kinda, reward, uhmm, nurf, criminal",3,2025-04-29
3,"di, bergb, nambah, masa, cokk",2,2025-04-29
4,"developor, servis, chang, reject, wonder",1,2025-04-29
5,"boring, dialog, dialogue, bath, blunt",5,2025-04-29
0,"baby, powecreep, first, powercreep, characters",2,2025-04-30
2,"anaxa, free, his, 69, futur",3,2025-04-30
3,"downhill, collab, fate, que, worst",1,2025-04-30
5,"ridiculously, extra, accused, nation, questionable",2,2025-04-30
0,"aniversary, provides, uncontrolled, weapons, cards",5,2025-05-01
2,"anniversaries, appalled, disservice, loyal, reward",2,2025-05-01
3,"bad, so, collab, fate, que",1,2025-05-01
0,"powercreep, relic, awesome, patches, devs",7,2025-05-02
1,"wow, mention, sad, each, crashing",1,2025-05-02
2,"p2w, used, great, its, be",1,2025-05-02
3,"potential, wasted, great, all, of",1,2025-05-02
5,"wits, kms, drone, unlock, farm",2,2025-05-02
0,"expense, gk, crowd, guna, cooking",4,2025-05-03
2,"complacent, powercreeep, realised, worst, encountered",2,2025-05-03
5,"ls, survey, requesting, among, un",2,2025-05-03
0,"hate, disgusting, stronger, others, ones",1,2025-05-04
2,"narrate, consumed, reward, horrendous, casual",3,2025-05-04
4,"acc, broo, hardwork, girl, remove",1,2025-05-04
5,"cut, yah, akip, ss, thorough",3,2025-05-04
0,"fitting, prioritising, repetitiveness, reviewer, mtx",3,2025-05-05
1,"reinstalling, word, loading, cannot, stuck",1,2025-05-05
2,"yap, animation, faces, duh, poses",1,2025-05-05
3,"tambahkan, gw, di, akun, munculin",3,2025-05-05
5,"epic, vi, grindplay, jarillo, x10",3,2025-05-05
0,"gamplay, older, sig, repetitive, mistake",2,2025-05-06
2,"50, feels, mine, amazing, 20",2,2025-05-06
4,"hoyolab, pc, somehow, login, account",1,2025-05-06
5,"conversations, bore, feast, brief, tears",1,2025-05-06
0,"tolerate, chill, cipher, thus, generous",2,2025-05-07
2,"drought, nonesense, suprised, concerts, watseless",3,2025-05-07
3,"disappointing, collab, fate, que, worst",1,2025-05-07
5,"harm, vice, versa, someone, everyone",1,2025-05-07
0,"genre, creeps, flag, red, major",1,2025-05-08
2,"rethinking, cheating, utterly, ben, honkia",3,2025-05-08
0,"powercrept, favorite, investing, p2w, teams",2,2025-05-09
1,"download, fails, upsetting, few, plenty",2,2025-05-09
2,"anaxa, screw, 74, 50th, lotery",3,2025-05-09
3,"nice, sucks, game, this, collab",2,2025-05-09
4,"morning, enter, pls, from, fix",1,2025-05-09
0,"villain, wil, lifespan, backwards, evolved",3,2025-05-10
2,"tonnn, temp, stingy, cus, genshit",2,2025-05-10
0,"demands, alongside, impressive, declined, enticing",1,2025-05-11
1,"screen, pink, fixing, its, persistant",2,2025-05-11
3,"fast, gets, boring, old, very",1,2025-05-11
4,"explanation, ever, worst, sign, logged",1,2025-05-11
5,"bootlicker, potter, harry, watched, muted",1,2025-05-11
0,"su, bloated, sabotaging, embarrassing, stonehearts",4,2025-05-12
1,"00, mbs, dropped, bro, resources",1,2025-05-12
2,"grind, blow, hrs, safe, things",1,2025-05-12
3,"hell, boring, as, now, collab",1,2025-05-12
4,"joined, join, downloaded, stuck, got",1,2025-05-12
1,"stutter, 43, trial, visually, equilibrium",3,2025-05-13
2,"repeated, speedups, perception, prioritizing, seemingly",5,2025-05-13
4,"log, can, in, error, login",1,2025-05-13
5,"god, love, add, skip, button",1,2025-05-13
0,"become, do, spending, characters, useless",5,2025-05-14
2,"plenty, squandered, tale, tarnished, allure",2,2025-05-14
0,"husbando, wasnt, sez, accompanying, e6s",2,2025-05-15
1,"lsd, trip, blocky, load, looked",1,2025-05-15
2,"creeped, sake, hardly, tries, then",1,2025-05-15
3,"ngak, cerita, aja, kalo, di",2,2025-05-15
4,"emails, exchanges, replying, reciting, email",1,2025-05-15
5,"communities, experinced, ids, nb, known",3,2025-05-15
0,"greedier, burn, lmao, dry, milking",2,2025-05-16
2,"aged, feeling, milk, played, best",1,2025-05-16
3,"fell, off, hard, collab, fate",1,2025-05-16
4,"okay, data, uninstall, month, overall",2,2025-05-16
0,"charectors, thous, indicate, bad, decisions",2,2025-05-17
1,"freeze, image, file, theres, background",1,2025-05-17
3,"good, no, that, collab, fate",1,2025-05-17
0,"spikes, occasional, saddens, wanna, seem",3,2025-05-18
1,"refunded, resolve, purchases, reach, hopefully",1,2025-05-18
3,"waste, time, my, this, game",1,2025-05-18
4,"try, requests, unable, matter, later",1,2025-05-18
5,"diaologue, avoiding, innovative, drastically, fallen",1,2025-05-18
0,"powercreeped, trend, sooner, 3rd, may",2,2025-05-19
1,"present, compensate, mistakes, things, ignore",2,2025-05-19
2,"endfield, pollux, droping, arknights, soul",1,2025-05-19
3,"hungry, developers, especially, boring, money",1,2025-05-19
5,"underpowered, gosh, build, hey, fun",1,2025-05-19
0,"polished, smh, hours, yall, powrcreep",6,2025-05-20
1,"space, takes, up, much, too",1,2025-05-20
5,"animator, earlier, maybe, reward, die",3,2025-05-20
0,"powercreep, recasting, has, wise, awesome",14,2025-05-21
1,"exceeded, begins, space, maximum, required",2,2025-05-21
2,"rewarding, grab, elsewhere, pros, relevency",9,2025-05-21
3,"terbaik, kalah, getahin, goty, 6x",5,2025-05-21
4,"mail, sent, omds, conolete, pressed",3,2025-05-21
5,"story, skip, screens, fights, bunga",8,2025-05-21
0,"wrecks, s5, strategy, visuals, castorices",3,2025-05-22
1,"load, shuts, starts, downloaded, loading",2,2025-05-22
2,"dumps, bullet, enemies, d1, general",2,2025-05-22
3,"crazy, game, collab, fate, que",1,2025-05-22
4,"zero, login, every, 10013, worst",2,2025-05-22
5,"speeding, tiresome, yapping, long, too",3,2025-05-22
0,"powercreep, charcter, depth, unit, invest",8,2025-05-23
2,"greedy, developers, pity, gacha, game",1,2025-05-23
5,"guy, girl, voice, sounds, selected",1,2025-05-23
0,"stellaron, hi3rd, reuse, lores, copycats",2,2025-05-24
1,"heats, pro, narzo, hotter, iphone",1,2025-05-24
2,"delivery, hero, stars, punishment, dumbed",4,2025-05-24
4,"progresa, suddenly, far, gone, how",1,2025-05-24
5,"side, create, recommend, boring, skip",1,2025-05-24
0,"lovenot, value, scale, favorites, gather",2,2025-05-25
1,"potato, moving, wish, want, either",1,2025-05-25
2,"repetitive, dull, including, games, stopped",1,2025-05-25
3,"choosing, gonna, make, worse, choose",1,2025-05-25
5,"yapping, much, too, skip, button",1,2025-05-25
0,"creep, power, jades, relevant, powercreep",4,2025-05-26
2,"kiss, atp, land, ramped, droprates",2,2025-05-26
5,"dialog, wake, spaming, manga, concepts",2,2025-05-26
0,"dark, sacrifice, tinge, thrones, emotional",2,2025-05-27
1,"elite, 8bitdo, gamesir, mobile, controllers",1,2025-05-27
0,"old, dps, pulled, here, rly",5,2025-05-28
1,"sound, glitches, playing, think, isn",2,2025-05-28
2,"curency, bp, reruning, shop, gated",1,2025-05-28
0,"nerfed, uninstall, far, were, older",1,2025-05-29
3,"trash, collab, fate, que, worst",1,2025-05-29
5,"monotonous, expressions, dialogues, add, skip",1,2025-05-29
0,"loses, elongated, toy, doomed, pf",2,2025-05-30
3,"recommend, don, it, collab, fate",1,2025-05-30
0,"simulator, yapping, grind, gonna, predecessor",2,2025-05-31
1,"gigabytes, take, phones, gb, our",1,2025-05-31
0,"effectively, reducing, disguised, casinos, purely",2,2025-06-01
2,"multipliers, tour, expensive, atk, aspect",1,2025-06-01
3,"fun, so, collab, fate, que",1,2025-06-01
5,"boringgggggg, lonnggggg, hard, strong, amphoreus",2,2025-06-01
0,"greediness, dude, path, may, forever",5,2025-06-02
2,"movement, fun, align, antiplayer, m1",3,2025-06-02
0,"15x, brainless, images, cons, charcters",1,2025-06-03
2,"55, 25, 35, 15, graphic",1,2025-06-03
3,"hungry, re, we, hoyo, please",1,2025-06-03
4,"client, prompt, refresh, page, occurred",1,2025-06-03
0,"caracter, malpractice, rampent, anee, value",4,2025-06-04
2,"p2w, went, downhill, good, was",1,2025-06-04
3,"susah, namun, statssubstats, coba, gampangin",2,2025-06-04
5,"sticking, around, crazy, quit, love",1,2025-06-04
0,"actually, gautam, performing, budha, expecting",1,2025-06-05
2,"drain, ea, mental, praises, greatest",2,2025-06-05
0,"nailing, well, presence, preservation, downfall",1,2025-06-06
1,"espaol, preferred, language, english, talking",1,2025-06-06
2,"realised, etheria, slop, restart, greedy",1,2025-06-06
4,"technically, supporting, asked, ps, luck",1,2025-06-06
0,"consistent, horror, blackscreens, accidently, bloated",2,2025-06-07
2,"rig, summoning, pulling, terrible, great",1,2025-06-07
5,"prententious, constitute, cable, cringey, lan",1,2025-06-07
0,"hard, powercreep, so, for, this",1,2025-06-08
1,"service, customer, help, honkai, rail",1,2025-06-08
5,"handle, added, everyone, should, dialogue",1,2025-06-08
0,"reviving, abundant, tame, presenting, locking",2,2025-06-09
5,"survey, submit, comment, currently, upcoming",2,2025-06-09
4,"unplayable, week, due, cannot, now",1,2025-06-10
5,"alt, pleasewe, tge, add, okay",1,2025-06-10
6,"phainon, buff, cyrene, kit, her",1,2025-06-10
2,"rolls, bad, pity, so, always",1,2025-06-11
3,"snooze, fest, 20, collab, fate",2,2025-06-11
0,"abhorrent, strongest, cipher, reached, safe",2,2025-06-12
2,"till, good, characters, need, some",1,2025-06-12
0,"crit, deal, shutdown, damage, meanwhile",2,2025-06-13
2,"kills, greed, games, pity, gacha",1,2025-06-13
3,"miserable, made, has, me, this",1,2025-06-13
4,"responding, play, can, not, error",1,2025-06-13
5,"space, scenes, option, big, dialogue",1,2025-06-13
2,"stems, descriptions, vertically, strict, miniscule",2,2025-06-14
0,"f2p, creep, power, not, for",1,2025-06-15
3,"meh, collab, fate, que, worst",1,2025-06-15
0,"jiaoqiu, discourages, solely, luka, trace",1,2025-06-16
2,"consistently, introducing, listened, confusing, weird",2,2025-06-16
4,"spent, support, unhelpfulness, rollers, stolen",2,2025-06-16
5,"nexxxxt, nc, version, skip, button",1,2025-06-16
5,"wolf, upgrades, silver, course, dear",1,2025-06-17
0,"squeeze, encouraged, weaknesses, obnoxious, diverse",2,2025-06-18
2,"basic, poorly, written, substitute, lacking",3,2025-06-18
5,"scenes, unmoving, clothing, expressive, gestures",1,2025-06-18
0,"math, lowdown, charecter, gapped, useless",4,2025-06-19
1,"overheat, maps, optimized, phones, ping",1,2025-06-19
2,"staying, arriving, phantom, persona, glad",1,2025-06-19
3,"lasted, fun, while, was, it",1,2025-06-19
0,"hungry, lot, events, powercreep, money",1,2025-06-20
1,"wallpaper, animated, surprise, low, apps",2,2025-06-20
2,"brings, jades, 40, fell, per",1,2025-06-20
3,"love, it, collab, fate, que",1,2025-06-20
4,"information, binding, correctly, parties, third",1,2025-06-20
5,"heartwarming, captivating, ride, caring, hasn",2,2025-06-20
0,"upgrades, stream, optimization, parts, live",2,2025-06-21
1,"castorices, defeated, ult, enemy, gets",1,2025-06-21
2,"relies, offers, besides, heavily, modes",1,2025-06-21
0,"ridiculous, creep, power, powercreep, characters",1,2025-06-22
2,"millionaire, don, if, play, are",1,2025-06-22
3,"yapping, game, collab, fate, que",1,2025-06-22
5,"smarter, battling, buttons, mechanic, harder",1,2025-06-22
0,"serval, powercrept, buffed, sushang, deserved",4,2025-06-23
2,"finish, sucks, more, end, need",1,2025-06-23
0,"currency, guarantee, limited, obtainable, buy",2,2025-06-24
2,"addiction, porn, neglects, male, bother",2,2025-06-24
3,"lancer, playable, love, make, please",1,2025-06-24
4,"responde, received, upset, appreciate, easily",1,2025-06-24
1,"chromebooks, compatible, background, perfectly, chromebook",1,2025-06-25
2,"archer, 200, signature, forcing, cone",1,2025-06-25
0,"wiped, weekly, sustain, turns, entire",1,2025-06-26
2,"fixes, disguise, penny, insitavise, revenu",3,2025-06-26
0,"incredibly, unhealthy, disparity, imbalanced, fruitfully",2,2025-06-27
1,"blurry, latency, frame, overheating, facing",1,2025-06-27
0,"improved, presentation, expiry, brought, swiping",2,2025-06-28
3,"mech, food, wated, counter, materials",1,2025-06-28
1,"cutscene, laggy, bothering, optimized, come",1,2025-06-29
0,"worthless, buffed, lash, sued, probably",3,2025-06-30
1,"downloading, percentage, download, stops, certain",1,2025-06-30
5,"dialoguecutscene, decide, watch, worth, let",1,2025-06-30
0,"relic, multitasking, relevance, exploitation, trucks",5,2025-07-01
2,"events, newbie, main, theres, trash",2,2025-07-01
3,"hopes, worst, had, up, my",2,2025-07-01
4,"kicked, install, hour, minutes, didn",1,2025-07-01
0,"back2back, reconsider, finest, growing, messed",4,2025-07-02
1,"possible, taking, storage, give, so",1,2025-07-02
2,"pity, cursed, 5050s, 82, 67",10,2025-07-02
3,"video, writing, worst, played, ever",1,2025-07-02
5,"aswell, finally, awesome, skip, friends",2,2025-07-02
0,"unit, ypur, invisted, e1s1, qt",2,2025-07-03
2,"rait, loose, scam, drop, 75",1,2025-07-03
3,"uh, nuh, collab, fate, que",1,2025-07-03
5,"skip, ofc, imma, best, simple",3,2025-07-03
1,"trouble, causing, starts, turns, phainon",1,2025-07-04
2,"becomes, patchws, miracle, choosing, providing",2,2025-07-04
5,"relevant, 2hsr, likes, brown, throwing",1,2025-07-04
0,"satisfactory, engaged, sharply, atmosphere, originality",3,2025-07-05
2,"guarantees, 7525, yall, pity, more",2,2025-07-05
5,"immense, used, feels, difficult, ads",2,2025-07-05
0,"ciao, farm, hey, favourite, unusable",2,2025-07-06
1,"600, ping, steady, becasue, 80kbs",1,2025-07-06
2,"phainon, flopped, powercrep, 26, peace",4,2025-07-06
3,"quitted, garbage, should, already, so",1,2025-07-06
5,"going, 2hrs, medal, smile, break",1,2025-07-06
2,"rubber, lie, 5050, chance, biggest",3,2025-07-07
3,"meaning, at, all, no, collab",1,2025-07-07
0,"shameless, mouth, central, taste, power",1,2025-07-08
3,"dapat, busuk, amat, kalian, 160",1,2025-07-08
0,"ain, lmao, wuthering, waves, collaboration",1,2025-07-09
2,"asking, period, saved, should, 200",1,2025-07-09
4,"problematic, requests, hoyoverse, being, many",1,2025-07-09
0,"pmo, phainons, ult, considered, simulated",1,2025-07-10
1,"launcher, working, properly, not, is",1,2025-07-10
0,"toe, gon, unenjoyable, bloody, build",2,2025-07-11
2,"310, tf, clara, name, lc",3,2025-07-11
3,"akal, berharap, asw, gachamu, dikasi",6,2025-07-11
5,"continuance, trailblaze, appear, irrelevant, bug",1,2025-07-11
1,"resolution, settings, crash, causes, low",1,2025-07-12
2,"refuse, screw, believe, suck, saber",3,2025-07-12
3,"collab, los, en, el, fate",5,2025-07-12
5,"eliminated, everythinga, plssss, plsss, skip",2,2025-07-12
0,"belobog, amazing, team, backstories, timeyou",3,2025-07-13
1,"seperate, 071325, officially, counter, scummy",1,2025-07-13
2,"comes, madness, 10pull, ingame, explaining",4,2025-07-13
3,"collab, fate, year, udah, lu",15,2025-07-13
5,"engaging, operate, board, contradictions, freedom",2,2025-07-13
6,"il, heng, dan, thanks, next",1,2025-07-13
0,"air, breath, grief, owned, fresh",2,2025-07-14
1,"10mb, updater, imposible, stops, works",1,2025-07-14
2,"pull, allegedly, ever, presented, waste",2,2025-07-14
3,"collab, worst, fate, awaited, year",10,2025-07-14
5,"skip, voice, collabs, tasks, button",6,2025-07-14
0,"pause, downgraded, warn, afford, dull",5,2025-07-15
1,"chromebook, offline, g8, gamesir, entirely",2,2025-07-15
2,"rate, 3x, worst, plz, win",3,2025-07-15
3,"fate, collab, was, disgrace, badeworks",11,2025-07-15
4,"happens, bown, password, plz, let",1,2025-07-15
0,"yt, match, increases, bosses, lore",2,2025-07-16
3,"collab, fate, recycled, colab, dub",5,2025-07-16
5,"ang, tnx, again, revamp, penecony",2,2025-07-16
0,"afterthought, endbut, evolution, impressive, presence",2,2025-07-17
2,"collaboration, banner, 570, announced, tha",3,2025-07-17
3,"collab, fate, collaboration, disrespect, collaborations",8,2025-07-17
5,"lazy, delivering, messing, hyping, incapable",2,2025-07-17
0,"event, af, imagine, installed, mechanic",1,2025-07-18
1,"a16, samsung, galaxy, differs, playability",1,2025-07-18
2,"pain, betray, backstory, endured, justify",1,2025-07-18
3,"mood, assignments, killing, collab, minute",3,2025-07-18
0,"entirety, fermented, tempted, blitz, right",1,2025-07-19
3,"dead, everything, bad, is, this",1,2025-07-19
0,"buffed, needed, beat, arlan, hook",2,2025-07-20
2,"5050, amphorues, digs, christmas, child",4,2025-07-20
3,"worst, collab, ever, fate, que",1,2025-07-20
0,"relentless, suggestions, exemplifies, canned, feedback",2,2025-07-21
2,"horrible, system, gacha, pity, game",1,2025-07-21
2,"toooooo, 85, unhappy, dialogs, yourself",3,2025-07-22
3,"wowww, origin, town, golden, apple",2,2025-07-22
2,"overpowered, pulls, loufu, supported, basher",3,2025-07-23
3,"porfa, mand, agreguen, soporte, como",2,2025-07-23
4,"beginning, stuck, always, log, in",1,2025-07-23
5,"animate, interactions, supporting, anymore, broke",1,2025-07-23
2,"yup, never, regular, negative, limit",1,2025-07-24
3,"loved, extremely, disappointed, trash, start",1,2025-07-24
2,"meta, hit, ditch, scammy, favs",2,2025-07-25
0,"supports, reassured, believing, f2p, honestly",1,2025-07-26
2,"daily, rewards, low, too, pity",1,2025-07-26
3,"rigged, collab, pulls, banner, bad",1,2025-07-26
0,"efficiency, brushed, ropes, attributes, charging",1,2025-07-27
4,"eh, goddamn, repetitive, becomes, decent",1,2025-07-27
0,"broken, creep, power, is, powercreep",1,2025-07-28
1,"heating, egregious, gen, snapdragon, file",1,2025-07-28
2,"favorite, piece, hate, life, absolute",3,2025-07-28
3,"scummy, core, simply, to, the",1,2025-07-28
0,"miserable, crept, modes, sure, effort",1,2025-07-29
3,"terribly, membosankan, minim, spesial, accurately",3,2025-07-29
2,"giving, lost, 5050, star, because",1,2025-07-30
3,"late, nothing, do, game, in",1,2025-07-30
0,"sadge, owner, combined, naruto, learned",2,2025-07-31
2,"twice, losing, 80, 5050, at",1,2025-07-31
4,"invalid, trouble, logging, hoyoverse, having",1,2025-07-31
0,"worsen, improving, continue, extremely, added",2,2025-08-01
2,"robots, clothes, logos, ordinary, expensive",2,2025-08-01
3,"ahora, mi, estafado, cuenta, siento",1,2025-08-01
0,"balanced, strength, boot, brand, similar",1,2025-08-02
1,"size, hell, slow, install, big",1,2025-08-02
2,"packages, deals, enticing, expensive, enjoyment",2,2025-08-02
3,"sueorail, collab, fate, que, worst",1,2025-08-02
5,"spoilers, penecony, legit, boring, powecreep",1,2025-08-02
0,"crazy, creep, power, be, powercreep",1,2025-08-03
2,"gown, cultural, bride, export, appearing",1,2025-08-03
0,"offender, ips, being, moze, worsened",1,2025-08-05
2,"disgustingly, adjust, lovely, newbie, lets",1,2025-08-05
5,"vomit, simplify, sentences, wording, exotic",1,2025-08-05
0,"promise, drawn, showed, core, mess",1,2025-08-06
1,"pleeeasssseeee, triggers, kishi, brand, bought",1,2025-08-06
2,"hahah, overhaul, free, lc, disgusting",2,2025-08-06
4,"exist, btw, said, does, though",1,2025-08-06
0,"ambition, fail, plan, yet, trash",1,2025-08-07
3,"susceptible, anomalies, includes, their, developer",1,2025-08-07
2,"rip, fizzled, raising, snuffed, burned",1,2025-08-08
5,"overpowering, exciting, worthless, heavy, units",1,2025-08-08
0,"grab, kasih, bagus, meta, overshadow",2,2025-08-09
4,"platform, signed, purchases, store, any",1,2025-08-09
5,"ggs, listened, added, finally, skip",1,2025-08-09
0,"protagonist, personality, sigh, amazing, happened",1,2025-08-10
2,"putting, bosses, hour, complete, took",1,2025-08-10
3,"dead, existed, rerelease, wanted, ended",1,2025-08-10
2,"saber, 80, pity, lost, great",1,2025-08-11
3,"downhill, gone, it, collab, fate",1,2025-08-11
0,"creep, power, game, powercreep, characters",1,2025-08-12
3,"deal, max, cancer, grail, equips",1,2025-08-12
0,"niche, everything, powercreep, 1y, plummets",5,2025-08-13
1,"update, resets, lossing, edit, fo",5,2025-08-13
2,"endless, arm, hoard, leg, yourselves",2,2025-08-13
3,"translations, english, homophobic, translation, yinxing",3,2025-08-13
4,"disgards, sugar, coated, ignorant, helps",1,2025-08-13
5,"missions, thankfully, redeemed, semi, added",2,2025-08-13
0,"mind, dekstop, lumi, nova, bugged",2,2025-08-14
1,"sound, six, wrap, 98, total",2,2025-08-14
2,"stunning, odd, receiving, popular, 200",3,2025-08-14
3,"suck, game, collab, fate, que",1,2025-08-14
4,"dataachievements, erased, showed, apps, account",1,2025-08-14
0,"amphoreus, revisited, comparison, sum, electro",4,2025-08-15
1,"burnt, crashes, exomyth, contacting, dissatisfied",3,2025-08-15
2,"voice, upsets, instances, crime, borderline",3,2025-08-15
3,"he, taller, tall, heng, dan",1,2025-08-15
0,"sustain, dps, aggressive, cant, old",1,2025-08-16
1,"loading, 30m, feed, grand, maze",2,2025-08-16
2,"gaccer, limit, drop, losing, 30",1,2025-08-16
3,"ain, worth, bad, so, just",2,2025-08-16
0,"7020, dimensity, handle, cannot, stop",1,2025-08-17
1,"google, checked, wthh, directly, batte",2,2025-08-17
2,"unbeatable, becomes, unless, especially, pay",1,2025-08-17
2,"lesser, veteran, jades, events, ur",1,2025-08-18
3,"enshittification, game, the, collab, fate",1,2025-08-18
5,"exomyth, appears, herta, auto, continue",1,2025-08-18
0,"peak, nah, anyway, contents, whatever",1,2025-08-19
1,"subscription, steps, troubleshooting, hi, days",1,2025-08-19
4,"claimed, stamina, yesterday, solve, page",1,2025-08-20
1,"reinstalling, reading, r8, posting, react",5,2025-08-21
2,"multis, kidding, stood, acquisition, 247",5,2025-08-21
0,"hurting, attention, fan, mid, everyday",1,2025-08-22
2,"obligatory, justify, themselves, favor, way",2,2025-08-22
2,"lose, single, 5050, event, not",2,2025-08-23
0,"p2w, super, telling, bad, creep",1,2025-08-24
1,"compatible, function, heavy, lag, wish",1,2025-08-24
2,"scam, pity, what, 5050, played",2,2025-08-24
3,"reasonable, mechanics, trash, used, hp",1,2025-08-24
0,"bear, seeping, spoiled, rep, dragging",2,2025-08-25
1,"pompom, rending, g55, stopping, moto",1,2025-08-25
2,"dbs, brake, sup, bc, delete",1,2025-08-25
0,"cmpred, onwards, favourites, solutions, tip",1,2025-08-26
2,"asking, grind, mc, char, experimenting",3,2025-08-26
0,"forty, hour, contain, favoritism, material",1,2025-08-27
2,"clean, provoking, somewhat, passes, resolved",1,2025-08-27
3,"joke, cd, cr, right, single",2,2025-08-27
0,"mania, count, unique, together, yapfest",2,2025-08-28
2,"ne, star, restricted, tiring, rating",1,2025-08-28
3,"mighty, fallen, 100, quickly, disappointing",2,2025-08-29
1,"controller, years, almost, support, still",1,2025-08-30
2,"angry, guys, tickets, weird, making",1,2025-08-30
5,"flaw, artwork, progress, awesome, enough",1,2025-08-30
0,"polish, drier, rewarding, showed, pushing",2,2025-09-02
1,"s25, appear, ultra, samsung, forward",2,2025-09-02
4,"explanation, appeal, speak, risk, ban",1,2025-09-02
2,"gaslight, wrapped, turnbased, lavish, built",2,2025-09-03
0,"powercrepp, powercreep, characters, of, you",1,2025-09-04
2,"losinf, 5050, design, short, compared",3,2025-09-04
3,"seen, worst, collab, ever, ve",1,2025-09-04
0,"1k, 2700, cliche, relased, moc",1,2025-09-05
2,"adjusted, tweaks, genuine, reacting, ploy",1,2025-09-05
0,"advertisements, deliberately, involves, onwards, odd",1,2025-09-06
2,"imposible, stellarjades, entertain, urself, source",1,2025-09-06
5,"areasdomain, ol, planar, scummy, double",1,2025-09-06
1,"chromebook, meet, midst, bugfest, 7gen3",2,2025-09-07
0,"steamroll, babe, figh, literary, worse",2,2025-09-08
1,"test, loading, while, waited, quite",1,2025-09-08
2,"banned, generated, hacked, acc, 4yrs",1,2025-09-08
3,"por, con, una, de, pudo",1,2025-09-08
0,"globally, passivesglobal, garbage, global, creep",1,2025-09-09
1,"27gb, discovering, previous, data, considered",1,2025-09-09
2,"ts, pity, next, crew, miserly",2,2025-09-09
4,"servers, disappeared, gmail, checked, find",1,2025-09-10
2,"bones, judt, filled, luster, inflated",1,2025-09-11
2,"herta, rerun, f2p, done, stop",1,2025-09-12
0,"aggressively, elaborate, plain, exploration, surprise",1,2025-09-13
3,"tak, boleh, masuk, boring, sucks",3,2025-09-13
2,"smash, boom, yea, spike, saved",1,2025-09-14
3,"regret, stupid, spending, by, money",1,2025-09-15
0,"firefly, acheron, buff, give, and",1,2025-09-17
2,"pity, off, rate, win, never",1,2025-09-17
1,"upon, opening, downloading, or, open",1,2025-09-20
3,"bad, game, collab, fate, que",1,2025-09-22
0,"which, follow, relic, make, updates",6,2025-09-24
1,"record, proofs, ask, offer, wont",5,2025-09-24
2,"pull, lightcone, soft, char, examples",2,2025-09-24
3,"slaps, title, mean, mihoyo, something",1,2025-09-24
0,"pervious, don, supply, heng, offended",4,2025-09-25
1,"cellphone, huawei, installment, nova, asap",2,2025-09-25
2,"frustration, relic, 2time, pity, outcome",2,2025-09-25
3,"perfect, angry, ruining, thanks, done",2,2025-09-25
5,"speech, useless, nice, skip, update",1,2025-09-25
0,"reliant, teammates, lastly, bad, inflation",2,2025-09-26
1,"informed, grace, millionaires, handheld, phenomenal",1,2025-09-26
2,"uuuhhh, 50, funny, 7525, row",2,2025-09-26
5,"king, knights, surviving, remotely, awhile",1,2025-09-26
0,"task, colours, unbalanced, anomaly, arbitration",4,2025-09-27
0,"relics, walled, school, tldr, farming",3,2025-09-28
1,"verifying, title, resources, crashes, always",1,2025-09-28
2,"modes, difficult, challenging, revolve, reliance",2,2025-09-28
2,"birthdays, 155, emotionless, interaction, relying",2,2025-09-29
3,"horrible, experience, collab, fate, que",1,2025-09-29
0,"economy, by, day, amazing, powercreep",1,2025-09-30
2,"roughly, rolled, standard, pity, spent",1,2025-09-30
5,"repeats, nothing, watch, itself, build",1,2025-09-30
0,"class, arcs, older, repetitive, final",5,2025-10-01
1,"40gb, ugh, decrease, nah, hate",1,2025-10-02
0,"rmcthis, debut, replacing, herhyacine, grow",1,2025-10-03
4,"needed, filling, refreshed, pages, parameter",1,2025-10-03
0,"versions, 99, previous, heals, guise",1,2025-10-04
2,"drows, 160, style, standard, gambling",1,2025-10-04
3,"best, this, is, the, collab",1,2025-10-04
0,"gear, fun, plans, aid, expensive",1,2025-10-05
2,"individual, necessarily, focuses, drastically, likely",2,2025-10-05
5,"powerspike, cutscene, gap, large, fully",1,2025-10-05
2,"ugly, he, gibberish, paste, inefficient",1,2025-10-06
0,"op, character, force, worst, making",1,2025-10-07
1,"36, 20gb, omg, gb, left",1,2025-10-07
2,"rewarding, overhyped, beats, relying, putting",1,2025-10-07
4,"distribution, won, start, global, error",1,2025-10-07
0,"hours, hand, spare, holding, intrigued",3,2025-10-08
2,"f2plow, revise, viability, metacharacter, psychological",3,2025-10-08
3,"stands, case, sucks, still, your",1,2025-10-08
4,"acc, worry, glitched, domain, minutes",1,2025-10-08
0,"relicplanar, loooooong, tellingpresentation, listening, low",1,2025-10-09
2,"vas, departure, stain, judge, political",1,2025-10-09
4,"evidence, chars, cust, email, screenshot",2,2025-10-09
2,"wish, option, there, star, was",1,2025-10-10
2,"legendary, summoning, remember, ago, 30",1,2025-10-11
3,"great, game, collab, fate, que",1,2025-10-11
0,"complex, oversaturated, branch, cleanly, pointlessly",1,2025-10-12
1,"55, s25, missed, ultra, npc",2,2025-10-12
2,"secure, none, changing, little, review",1,2025-10-12
4,"recovery, binded, proofs, few, lost",2,2025-10-12
2,"sane, pulla, pursuit, usefull, uninstall",2,2025-10-13
0,"luck, hiatus, 2400, main, trailblaze",2,2025-10-14
0,"inf, effing, hp, powercreep, characters",1,2025-10-15
2,"fraud, reviews, challenges, quite, understand",2,2025-10-15
3,"nono, collab, fate, que, worst",1,2025-10-15
5,"nice, put, skip, button, now",1,2025-10-15
0,"abusing, believe, character, adding, specific",4,2025-10-16
0,"pair, allegations, constant, being, powercreep",3,2025-10-17
1,"stay, another, app, open, go",1,2025-10-17
4,"under, gives, shows, whenever, login",1,2025-10-17
6,"kit, mountain, cyrenes, kills, recently",2,2025-10-17
1,"open, even, can, game, the",1,2025-10-18
2,"expedition, trails, delivers, requiring, strongest",2,2025-10-18
6,"regeneration, nerfed, cyrenes, trigger, cycle",3,2025-10-18
2,"learn, cn, creativity, original, design",1,2025-10-19
3,"95, 7525, 35, 5050, collab",1,2025-10-19
6,"cyrene, anticipated, her, buff, kit",3,2025-10-19
0,"belobog, wish, as, could, back",1,2025-10-20
1,"f5, poco, lag, enough, skip",1,2025-10-20
6,"ultimate, cyrene, e2, her, buff",2,2025-10-20
0,"scary, hardly, unusable, early, extreme",3,2025-10-21
2,"rerun, anytime, doin, stupid, freaking",1,2025-10-21
6,"buff, cyrene, kit, her, fix",2,2025-10-21
2,"f2p, literally, not, it, pity",1,2025-10-22
4,"pwercreep, dispite, passed, evernight, loads",1,2025-10-22
6,"33, v4, smoking, 800, cyrene",2,2025-10-22
2,"42, backlog, dried, children, initial",1,2025-10-23
0,"incarnate, greed, effective, total, apart",4,2025-10-24
2,"luocha, multibanners, greedy, next, entirely",2,2025-10-24
6,"mf, abysmal, cyrene, greedy, fix",2,2025-10-24
0,"uber, brutally, trust, fr, friendly",2,2025-10-25
1,"seek, hide, mission, anything, see",1,2025-10-25
2,"skin, bow, greedy, are, shipping",11,2025-10-25
3,"lo, un, el, que, de",2,2025-10-25
6,"cyrene, her, kit, livestream, e2",18,2025-10-25
0,"hitpoint, capitalism, satisfy, multiplied, stronger",2,2025-10-26
2,"highlighted, skin, next, fan, minimum",1,2025-10-26
3,"upd2, upd, 100, collab, fate",1,2025-10-26
6,"cyrene, chunky, her, kit, scam",4,2025-10-26
0,"clunky, eidolons, rating, s1, everypatch",4,2025-10-27
1,"2023, fr, best, mobile, in",1,2025-10-27
2,"accompanied, ookay, greed, shifted, spenders",2,2025-10-27
3,"trash, collab, fate, que, worst",1,2025-10-27
6,"cyrene, kit, showcase, buff, fix",17,2025-10-27
0,"ill, treatment, hi3, literally, got",1,2025-10-28
2,"menless, congratulations, soundtrack, genshit, fallen",2,2025-10-28
3,"laugh, actualises, irontomb, downhill, disappointed",3,2025-10-28
6,"cyrene, buff, her, she, e2",18,2025-10-28
0,"stack, anddddd, 24, ult, bro",1,2025-10-29
1,"recourse, unhappy, downloads, finishing, current",2,2025-10-29
2,"bs, insaine, speedy, cope, tagline",4,2025-10-29
3,"de, los, que, desde, del",1,2025-10-29
6,"cyrene, buff, fix, her, mid",20,2025-10-29
0,"best, cone, hp, dps, they",7,2025-10-30
2,"f2p, memories, deemed, haves, fond",2,2025-10-30
3,"omg, this, game, collab, fate",1,2025-10-30
4,"server, down, ll, going, day",1,2025-10-30
6,"kit, cyrene, wuthering, waveshonkai, bette",12,2025-10-30
0,"yoi, stupidity, reworks, excessively, imbalance",4,2025-10-31
1,"6gb, installation, pre, issued, controllers",2,2025-10-31
2,"harder, equilibrium, f2p, regenerate, baner",7,2025-10-31
4,"admire, troubleshooting, redemption, notification, login",4,2025-10-31
6,"cyrene, buff, kit, moneyjades, emo",12,2025-10-31
0,"specially, chara, 4star, belebog, fastforward",2,2025-11-01
2,"elysia, milking, making, worse, re",1,2025-11-01
3,"bombing, review, collab, fate, que",1,2025-11-01
6,"buff, cyrene, kit, her, fix",1,2025-11-01
3,"crome, careful, pack, beware, book",1,2025-11-02
5,"tgis, cycle, omg, situation, disappointing",1,2025-11-02
6,"cyrene, broooo, buff, kit, fix",5,2025-11-02
0,"qiqir, powercreep, characters, of, you",1,2025-11-03
3,"stupid, game, collab, fate, que",1,2025-11-03
5,"cast, amphoreus, favorite, knowing, solve",1,2025-11-03
6,"despicable, slandered, justice, cyrene, destroyed",3,2025-11-03
0,"soo, design, didnt, bloated, thinking",4,2025-11-04
2,"imagine, releasing, wouldn, recommend, predatory",2,2025-11-04
3,"bad, collab, fate, que, worst",1,2025-11-04
6,"cyrene, fix, buff, kit, her",1,2025-11-04
0,"hsr, amphoreus, powercreep, alternate, gang",8,2025-11-05
1,"hmmm, kinda, thought, disappointed, happened",1,2025-11-05
2,"gambling, online, 300, totally, star",14,2025-11-05
3,"ah, depression, prove, bruh, knew",5,2025-11-05
5,"warming, heart, hate, amphoreus, say",1,2025-11-05
6,"cyrene, kit, futureproof, buff, top",15,2025-11-05
0,"weapon, stopped, greed, limited, cool",7,2025-11-06
1,"gig, prob, title, unplayable, move",3,2025-11-06
2,"5050, chaning, shafted, rules, trapped",7,2025-11-06
3,"bored, kill, phainon, our, did",2,2025-11-06
4,"requests, stillllllll, trying, hasn, link",2,2025-11-06
5,"arc, epilogue, middle, tutorial, unfinished",2,2025-11-06
6,"cyrene, kit, she, devour, ica",7,2025-11-06
0,"upd, ending, unmatched, critiques, exponential",2,2025-11-07
1,"pixel, pro, 10, it, loading",1,2025-11-07
2,"september, rooster, noticed, herself, inflexible",3,2025-11-07
3,"mains, stelle, deleting, monthly, failed",2,2025-11-07
5,"attach, firstly, heirs, writer, cry",2,2025-11-07
6,"cyrene, tbh, seconds, top, space",4,2025-11-07
0,"competitive, snack, dash, multiplayer, wants",1,2025-11-08
2,"wring, baiting, gradually, bcoz, approach",2,2025-11-08
5,"hill, setting, down, going, great",1,2025-11-08
6,"rework, sucks, her, ending, kit",1,2025-11-08
0,"stat, kind, primary, bad, planar",2,2025-11-09
1,"slower, 40mbs, bv, 5mbs, storage",2,2025-11-09
2,"best, approximately, assigned, efforts, lessons",3,2025-11-09
3,"trash, hoyo, collab, fate, que",1,2025-11-09
6,"cyrene, fix, buff, kit, her",1,2025-11-09
0,"million, mistake, locusts, sleepy, dissapoint",2,2025-11-10
1,"properly, work, doesn, even, it",1,2025-11-10
2,"hard, pity, off, rate, end",1,2025-11-10
3,"figuratively, anji, predator, kalah, gw",2,2025-11-10
5,"cutscene, circling, mission, related, cutscenes",1,2025-11-10
0,"victims, diddy, ahh, bluds, ogs",2,2025-11-11
2,"ngl, certainly, frankly, easily, bored",3,2025-11-11
3,"everplayed, savings, gamble, highly, best",1,2025-11-11
4,"touching, anymore, lost, never, log",1,2025-11-11
5,"appealing, compliments, minigames, slightest, research",1,2025-11-11
6,"memosprite, fumbled, counting, anticipated, cyrene",2,2025-11-11
0,"lightcones, darn, reporting, utility, aweful",2,2025-11-12
1,"ehy, updated, must, needs, single",1,2025-11-12
2,"1110, letting, losing, pity, thank",1,2025-11-12
3,"stinks, didnt, wanted, sucks, what",1,2025-11-12
5,"decide, arc, iconic, doubling, capitalize",1,2025-11-12
6,"adheres, aforementioned, toughness, stated, themes",1,2025-11-12
0,"useless, feel, powercreep, old, make",1,2025-11-13
2,"clear, sense, anerversary, mihiyo, strategies",2,2025-11-13
0,"git, offset, dominated, gud, miles",1,2025-11-14
2,"broken, husbands, kills, miss, text",2,2025-11-14
3,"iykyk, trash, collab, fate, que",1,2025-11-14
0,"word, powercrept, one, powercreep, characters",1,2025-11-15
2,"garunteed, worst, row, hard, failed",1,2025-11-15
0,"c6, streams, showcases, relate, whale",1,2025-11-16
2,"thanks, pity, lose, nice, love",2,2025-11-16
5,"shown, special, guests, lunae, imbibitor",1,2025-11-16
0,"editing, desperate, hoyoverset, sickens, remind",2,2025-11-17
1,"lag, it, loading, screen, phone",1,2025-11-17
2,"sorry, greedy, not, game, pity",1,2025-11-17
0,"infliction, whale, unusable, irrelevant, fest",1,2025-11-18
3,"scuffed, very, it, collab, fate",1,2025-11-18
0,"powecreep, improvements, greece, myths, amosomething",2,2025-11-19
2,"base, mode, rate, play, my",1,2025-11-19
2,"dish, specifically, obsolete, monetization, chance",1,2025-11-20
5,"cry, love, bittersweet, cheer, implore",1,2025-11-20
0,"coin, rng, pce, final, grind",2,2025-11-21
1,"7c20000, 0buff4, 03, it, loading",1,2025-11-21
4,"reject, weakened, mobile, irritating, occurred",1,2025-11-21
0,"retard, definition, multiplayer, getting, nowadays",2,2025-11-22
1,"loving, further, disappointed, single, gone",1,2025-11-22
2,"standard, five, ones, whenever, pity",1,2025-11-22
3,"edo, where, star, is, collab",1,2025-11-22
2,"gain, jades, ways, stellar, f2p",1,2025-11-23
2,"pulls, luck, guess, blame, featured",2,2025-11-24
3,"buns, seriously, this, is, game",1,2025-11-24
3,"excitement, became, boring, played, day",1,2025-11-25
3,"recommend, re, we, back, not",2,2025-11-26
2,"returning, beat, quests, pity, system",1,2025-11-27
4,"facebook, login, into, hsr, problem",1,2025-11-29
2,"jades, stellar, pull, deplorable, insultingly",2,2025-11-30
3,"phaishit, beg, remove, predatory, pls",2,2025-11-30
0,"cheaters, explore, ban, nowadays, action",1,2025-12-01
2,"bs, done, rating, gacha, star",1,2025-12-01
0,"sig, difficult, 5644, revolved, rotate",1,2025-12-02
2,"ofc, farm, tickets, war, hate",1,2025-12-02
4,"bugging, mine, showing, keeps, screen",1,2025-12-02
0,"gear, farm, gotta, investing, quick",2,2025-12-03
2,"greedy, company, pity, gacha, game",1,2025-12-03
6,"increased, buffsadvantages, grant, capabilities, verbose",1,2025-12-03
1,"laod, apps, couple, gave, logging",2,2025-12-04
2,"czn, mary, cos, sue, darling",1,2025-12-04
0,"showing, evey, meantime, perspective, cancel",2,2025-12-05
2,"agian, standards, edilons, tsk, pitty",1,2025-12-05
3,"rappa, rerun, eula, revival, cake",3,2025-12-05
0,"til, alot, straw, addressed, passive",2,2025-12-06
1,"loud, audio, glitch, uninstalling, allow",1,2025-12-06
2,"exaggerating, bomb, solid, literally, am",1,2025-12-06
3,"japanese, fiasco, themed, evaxhi3, 05",1,2025-12-06
0,"pitty, material, brain, puzzle, difficult",1,2025-12-07
1,"dry, uninstall, gonna, feels, patch",1,2025-12-07
2,"impress, 700x, valuable, garantee, e4",3,2025-12-07
0,"wallets, humans, flip, bastards, posts",3,2025-12-08
3,"anaxa, shikishi, pin, merch, wife",3,2025-12-08
0,"creeping, issue, power, game, powercreep",1,2025-12-09
1,"crash, resurface, eventmode, rare, havent",1,2025-12-09
2,"rigged, pulls, are, pity, gacha",1,2025-12-10
1,"smoother, optimization, lag, app, experience",1,2025-12-11
